模擬工況編號,特徵_歷史裁罰總額,現場管理缺失總數,AI預測重大死傷機率,大地物理_地下水位(m),大地物理_安全係數(FS),🎯 系統自動化風險總分,🚨 決策動態預警燈號
工況_CASE_1045,6371.0,2,89.4%,-5.0,1.5,56.4,🔴 紅燈 (高危險拉響警報/自主停工)
工況_CASE_1053,6752.1,2,87.52%,-5.0,1.5,56.14,🔴 紅燈 (高危險拉響警報/自主停工)
工況_CASE_0712,5829.4,2,87.62%,-5.0,1.5,55.86,🔴 紅燈 (高危險拉響警報/自主停工)
工況_CASE_0452,6952.8,2,85.68%,-5.0,1.5,55.83,🔴 紅燈 (高危險拉響警報/自主停工)
工況_CASE_0335,5498.8,2,88.04%,-5.0,1.5,55.83,🔴 紅燈 (高危險拉響警報/自主停工)
工況_CASE_0553,8026.9,2,83.31%,-5.0,1.5,55.64,🔴 紅燈 (高危險拉響警報/自主停工)
工況_CASE_0429,6189.5,2,84.42%,-5.0,1.5,55.35,🔴 紅燈 (高危險拉響警報/自主停工)
工況_CASE_0081,6030.1,1,99.42%,-5.0,1.5,55.29,🔴 紅燈 (高危險拉響警報/自主停工)
工況_CASE_0299,5164.6,2,85.48%,-5.0,1.5,55.2,🔴 紅燈 (高危險拉響警報/自主停工)
工況_CASE_0934,4410.4,2,86.89%,-5.0,1.5,55.16,🔴 紅燈 (高危險拉響警報/自主停工)
工況_CASE_1101,8509.9,2,80.25%,-5.0,1.5,55.15,🔴 紅燈 (高危險拉響警報/自主停工)
工況_CASE_0136,5139.3,2,85.07%,-5.0,1.5,55.1,🔴 紅燈 (高危險拉響警報/自主停工)
工況_CASE_0164,6963.1,2,81.81%,-5.0,1.5,55.06,🔴 紅燈 (高危險拉響警報/自主停工)
工況_CASE_0871,7035.3,2,81.51%,-5.0,1.5,55.02,🔴 紅燈 (高危險拉響警報/自主停工)
工況_CASE_0471,4987.9,2,84.35%,-5.0,1.5,54.9,🔴 紅燈 (高危險拉響警報/自主停工)
工況_CASE_0945,5593.2,2,82.47%,-5.0,1.5,54.75,🔴 紅燈 (高危險拉響警報/自主停工)
工況_CASE_0383,7157.4,2,79.96%,-5.0,1.5,54.74,🔴 紅燈 (高危險拉響警報/自主停工)
工況_CASE_0072,4751.7,2,83.86%,-5.0,1.5,54.7,🔴 紅燈 (高危險拉響警報/自主停工)
工況_CASE_0481,5113.3,2,82.81%,-5.0,1.5,54.64,🔴 紅燈 (高危險拉響警報/自主停工)
工況_CASE_0994,5686.1,2,81.7%,-5.0,1.5,54.63,🔴 紅燈 (高危險拉響警報/自主停工)
工況_CASE_0114,3661.6,2,85.97%,-5.0,1.5,54.61,🔴 紅燈 (高危險拉響警報/自主停工)
工況_CASE_0150,5518.8,2,81.67%,-5.0,1.5,54.57,🔴 紅燈 (高危險拉響警報/自主停工)
工況_CASE_0080,5608.9,2,81.44%,-5.0,1.5,54.55,🔴 紅燈 (高危險拉響警報/自主停工)
工況_CASE_0107,4696.4,2,83.1%,-5.0,1.5,54.53,🔴 紅燈 (高危險拉響警報/自主停工)
工況_CASE_0442,7298.8,2,78.65%,-5.0,1.5,54.52,🔴 紅燈 (高危險拉響警報/自主停工)
工況_CASE_0307,6968.6,2,79.09%,-5.0,1.5,54.52,🔴 紅燈 (高危險拉響警報/自主停工)
工況_CASE_0963,4341.1,2,83.82%,-5.0,1.5,54.52,🔴 紅燈 (高危險拉響警報/自主停工)
工況_CASE_0040,3113.9,2,87.18%,-5.0,1.5,54.52,🔴 紅燈 (高危險拉響警報/自主停工)
工況_CASE_0977,2882.2,2,87.57%,-5.0,1.5,54.45,🔴 紅燈 (高危險拉響警報/自主停工)
工況_CASE_0601,4840.7,2,82.42%,-5.0,1.5,54.45,🔴 紅燈 (高危險拉響警報/自主停工)
工況_CASE_0805,6488.4,2,79.25%,-5.0,1.5,54.41,🔴 紅燈 (高危險拉響警報/自主停工)
工況_CASE_0145,2359.5,2,89.31%,-5.0,1.5,54.4,🔴 紅燈 (高危險拉響警報/自主停工)
工況_CASE_1021,3903.5,2,84.32%,-5.0,1.5,54.4,🔴 紅燈 (高危險拉響警報/自主停工)
工況_CASE_0515,3713.0,2,84.8%,-5.0,1.5,54.4,🔴 紅燈 (高危險拉響警報/自主停工)
工況_CASE_0811,4185.9,2,83.59%,-5.0,1.5,54.4,🔴 紅燈 (高危險拉響警報/自主停工)
工況_CASE_1049,5183.5,2,81.42%,-5.0,1.5,54.39,🔴 紅燈 (高危險拉響警報/自主停工)
工況_CASE_0526,5652.5,2,80.31%,-5.0,1.5,54.34,🔴 紅燈 (高危險拉響警報/自主停工)
工況_CASE_0814,6558.5,2,78.7%,-5.0,1.5,54.32,🔴 紅燈 (高危險拉響警報/自主停工)
工況_CASE_0476,2926.8,2,86.72%,-5.0,1.5,54.31,🔴 紅燈 (高危險拉響警報/自主停工)
工況_CASE_0230,5367.8,2,80.66%,-5.0,1.5,54.31,🔴 紅燈 (高危險拉響警報/自主停工)
工況_CASE_0777,5041.8,2,81.31%,-5.0,1.5,54.31,🔴 紅燈 (高危險拉響警報/自主停工)
工況_CASE_0791,4141.5,2,83.1%,-5.0,1.5,54.28,🔴 紅燈 (高危險拉響警報/自主停工)
工況_CASE_0090,9778.1,1,89.37%,-5.0,1.5,54.25,🔴 紅燈 (高危險拉響警報/自主停工)
工況_CASE_0430,4494.6,2,82.12%,-5.0,1.5,54.25,🔴 紅燈 (高危險拉響警報/自主停工)
工況_CASE_0596,6667.6,2,78.02%,-5.0,1.5,54.21,🔴 紅燈 (高危險拉響警報/自主停工)
工況_CASE_1051,6738.3,2,77.88%,-5.0,1.5,54.21,🔴 紅燈 (高危險拉響警報/自主停工)
工況_CASE_0472,4230.3,2,82.48%,-5.0,1.5,54.2,🔴 紅燈 (高危險拉響警報/自主停工)
工況_CASE_0539,6444.8,2,78.29%,-5.0,1.5,54.2,🔴 紅燈 (高危險拉響警報/自主停工)
工況_CASE_0119,5648.3,2,79.51%,-5.0,1.5,54.18,🔴 紅燈 (高危險拉響警報/自主停工)
工況_CASE_0705,6243.1,2,78.31%,-5.0,1.5,54.14,🔴 紅燈 (高危險拉響警報/自主停工)
工況_CASE_0546,8722.6,1,89.59%,-5.0,1.5,54.07,🔴 紅燈 (高危險拉響警報/自主停工)
工況_CASE_1102,5707.1,2,78.88%,-5.0,1.5,54.07,🔴 紅燈 (高危險拉響警報/自主停工)
工況_CASE_0991,6790.7,2,77.0%,-5.0,1.5,54.05,🔴 紅燈 (高危險拉響警報/自主停工)
工況_CASE_0730,6745.8,2,77.01%,-5.0,1.5,54.04,🔴 紅燈 (高危險拉響警報/自主停工)
工況_CASE_0248,5579.7,2,78.88%,-5.0,1.5,54.03,🔴 紅燈 (高危險拉響警報/自主停工)
工況_CASE_0157,9121.5,1,88.93%,-5.0,1.5,54.02,🔴 紅燈 (高危險拉響警報/自主停工)
工況_CASE_0267,5341.7,2,79.24%,-5.0,1.5,54.01,🔴 紅燈 (高危險拉響警報/自主停工)
工況_CASE_0393,4064.6,2,81.89%,-5.0,1.5,54.0,🔴 紅燈 (高危險拉響警報/自主停工)
工況_CASE_0291,2837.9,2,85.42%,-5.0,1.5,53.99,🔴 紅燈 (高危險拉響警報/自主停工)
工況_CASE_0116,4184.2,2,81.47%,-5.0,1.5,53.97,🔴 紅燈 (高危險拉響警報/自主停工)
工況_CASE_0537,3430.2,2,83.4%,-5.0,1.5,53.96,🔴 紅燈 (高危險拉響警報/自主停工)
工況_CASE_0376,3133.6,2,83.92%,-5.0,1.5,53.89,🔴 紅燈 (高危險拉響警報/自主停工)
工況_CASE_0669,3775.1,2,81.96%,-5.0,1.5,53.87,🔴 紅燈 (高危險拉響警報/自主停工)
工況_CASE_0226,5361.1,1,93.37%,-5.0,1.5,53.85,🔴 紅燈 (高危險拉響警報/自主停工)
工況_CASE_1034,8878.4,2,73.15%,-5.0,1.5,53.81,🔴 紅燈 (高危險拉響警報/自主停工)
工況_CASE_0970,7142.8,1,90.26%,-5.0,1.5,53.8,🔴 紅燈 (高危險拉響警報/自主停工)
工況_CASE_0767,4961.5,2,78.84%,-5.0,1.5,53.79,🔴 紅燈 (高危險拉響警報/自主停工)
工況_CASE_0885,3839.9,2,81.35%,-5.0,1.5,53.78,🔴 紅燈 (高危險拉響警報/自主停工)
工況_CASE_0516,7911.2,1,89.15%,-5.0,1.5,53.78,🔴 紅燈 (高危險拉響警報/自主停工)
工況_CASE_0205,5742.3,2,77.14%,-5.0,1.5,53.74,🔴 紅燈 (高危險拉響警報/自主停工)
工況_CASE_1115,3540.8,2,81.96%,-5.0,1.5,53.74,🔴 紅燈 (高危險拉響警報/自主停工)
工況_CASE_0439,5250.4,2,78.01%,-5.0,1.5,53.73,🔴 紅燈 (高危險拉響警報/自主停工)
工況_CASE_0386,5803.3,2,76.73%,-5.0,1.5,53.68,🔴 紅燈 (高危險拉響警報/自主停工)
工況_CASE_0636,5166.2,2,77.82%,-5.0,1.5,53.66,🔴 紅燈 (高危險拉響警報/自主停工)
工況_CASE_0306,2858.8,2,83.57%,-5.0,1.5,53.63,🔴 紅燈 (高危險拉響警報/自主停工)
工況_CASE_0012,3932.7,2,80.13%,-5.0,1.5,53.58,🔴 紅燈 (高危險拉響警報/自主停工)
工況_CASE_0272,2992.5,2,82.71%,-5.0,1.5,53.55,🔴 紅燈 (高危險拉響警報/自主停工)
工況_CASE_0240,2965.6,2,82.74%,-5.0,1.5,53.54,🔴 紅燈 (高危險拉響警報/自主停工)
工況_CASE_0753,4721.1,2,77.91%,-5.0,1.5,53.5,🔴 紅燈 (高危險拉響警報/自主停工)
工況_CASE_0312,4008.1,2,79.32%,-5.0,1.5,53.46,🔴 紅燈 (高危險拉響警報/自主停工)
工況_CASE_0102,5117.0,1,91.9%,-5.0,1.5,53.46,🔴 紅燈 (高危險拉響警報/自主停工)
工況_CASE_0460,5192.9,2,76.75%,-5.0,1.5,53.46,🔴 紅燈 (高危險拉響警報/自主停工)
工況_CASE_0195,6001.8,2,75.27%,-5.0,1.5,53.45,🔴 紅燈 (高危險拉響警報/自主停工)
工況_CASE_0071,2858.2,2,82.57%,-5.0,1.5,53.43,🔴 紅燈 (高危險拉響警報/自主停工)
工況_CASE_0076,5461.9,2,76.11%,-5.0,1.5,53.43,🔴 紅燈 (高危險拉響警報/自主停工)
工況_CASE_0186,9748.7,1,85.23%,-5.0,1.5,53.42,🔴 紅燈 (高危險拉響警報/自主停工)
工況_CASE_1089,5907.0,2,75.25%,-5.0,1.5,53.42,🔴 紅燈 (高危險拉響警報/自主停工)
工況_CASE_0993,3967.1,2,79.17%,-5.0,1.5,53.41,🔴 紅燈 (高危險拉響警報/自主停工)
工況_CASE_0336,7418.0,2,72.95%,-5.0,1.5,53.41,🔴 紅燈 (高危險拉響警報/自主停工)
工況_CASE_0772,6977.3,2,73.4%,-5.0,1.5,53.38,🔴 紅燈 (高危險拉響警報/自主停工)
工況_CASE_0385,7953.1,1,87.06%,-5.0,1.5,53.37,🔴 紅燈 (高危險拉響警報/自主停工)
工況_CASE_0137,5195.4,2,76.29%,-5.0,1.5,53.37,🔴 紅燈 (高危險拉響警報/自主停工)
工況_CASE_0776,3609.9,2,79.95%,-5.0,1.5,53.37,🔴 紅燈 (高危險拉響警報/自主停工)
工況_CASE_0488,5031.4,2,76.51%,-5.0,1.5,53.35,🔴 紅燈 (高危險拉響警報/自主停工)
工況_CASE_0593,8746.6,1,85.56%,-5.0,1.5,53.26,🔴 紅燈 (高危險拉響警報/自主停工)
工況_CASE_0110,6904.0,1,87.42%,-5.0,1.5,53.16,🔴 紅燈 (高危險拉響警報/自主停工)
工況_CASE_1068,5245.7,2,75.11%,-5.0,1.5,53.15,🔴 紅燈 (高危險拉響警報/自主停工)
工況_CASE_0332,6635.5,2,72.71%,-5.0,1.5,53.14,🔴 紅燈 (高危險拉響警報/自主停工)
工況_CASE_0428,9657.2,1,83.78%,-5.0,1.5,53.11,🔴 紅燈 (高危險拉響警報/自主停工)
工況_CASE_0147,1573.7,2,86.93%,-5.0,1.5,53.11,🔴 紅燈 (高危險拉響警報/自主停工)
工況_CASE_0927,5561.3,1,88.95%,-5.0,1.5,53.04,🔴 紅燈 (高危險拉響警報/自主停工)
工況_CASE_0410,4938.2,1,90.17%,-5.0,1.5,53.04,🔴 紅燈 (高危險拉響警報/自主停工)
工況_CASE_0973,5999.7,2,73.16%,-5.0,1.5,53.03,🔴 紅燈 (高危險拉響警報/自主停工)
工況_CASE_0223,6739.2,1,86.94%,-5.0,1.5,53.02,🔴 紅燈 (高危險拉響警報/自主停工)
工況_CASE_1070,8818.8,1,84.21%,-5.0,1.5,53.01,🔴 紅燈 (高危險拉響警報/自主停工)
工況_CASE_0096,5754.6,1,88.41%,-5.0,1.5,53.0,🔴 紅燈 (高危險拉響警報/自主停工)
工況_CASE_0206,5976.1,1,88.06%,-5.0,1.5,53.0,🔴 紅燈 (高危險拉響警報/自主停工)
工況_CASE_0053,3433.5,2,78.55%,-5.0,1.5,52.99,🔴 紅燈 (高危險拉響警報/自主停工)
工況_CASE_1009,8665.1,1,84.23%,-5.0,1.5,52.98,🔴 紅燈 (高危險拉響警報/自主停工)
工況_CASE_0193,4522.1,2,75.62%,-5.0,1.5,52.96,🔴 紅燈 (高危險拉響警報/自主停工)
工況_CASE_0270,9011.1,1,83.74%,-5.0,1.5,52.96,🔴 紅燈 (高危險拉響警報/自主停工)
工況_CASE_0327,7133.3,1,86.0%,-5.0,1.5,52.95,🔴 紅燈 (高危險拉響警報/自主停工)
工況_CASE_0674,6710.9,1,86.59%,-5.0,1.5,52.94,🔴 紅燈 (高危險拉響警報/自主停工)
工況_CASE_0231,3020.8,2,79.53%,-5.0,1.5,52.93,🔴 紅燈 (高危險拉響警報/自主停工)
工況_CASE_0402,4738.2,2,74.98%,-5.0,1.5,52.92,🔴 紅燈 (高危險拉響警報/自主停工)
工況_CASE_0082,7661.8,1,85.1%,-5.0,1.5,52.91,🔴 紅燈 (高危險拉響警報/自主停工)
工況_CASE_0387,3899.4,2,76.8%,-5.0,1.5,52.9,🔴 紅燈 (高危險拉響警報/自主停工)
工況_CASE_0946,6082.8,1,87.37%,-5.0,1.5,52.9,🔴 紅燈 (高危險拉響警報/自主停工)
工況_CASE_0159,6290.8,1,87.0%,-5.0,1.5,52.89,🔴 紅燈 (高危險拉響警報/自主停工)
工況_CASE_0983,8108.3,1,84.43%,-5.0,1.5,52.89,🔴 紅燈 (高危險拉響警報/自主停工)
工況_CASE_0506,5177.3,1,88.77%,-5.0,1.5,52.86,🔴 紅燈 (高危險拉響警報/自主停工)
工況_CASE_0941,5914.6,1,87.44%,-5.0,1.5,52.86,🔴 紅燈 (高危險拉響警報/自主停工)
工況_CASE_0969,6244.1,1,86.8%,-5.0,1.5,52.84,🔴 紅燈 (高危險拉響警報/自主停工)
工況_CASE_0281,4930.0,1,89.01%,-5.0,1.5,52.81,🔴 紅燈 (高危險拉響警報/自主停工)
工況_CASE_0647,5087.2,1,88.63%,-5.0,1.5,52.8,🔴 紅燈 (高危險拉響警報/自主停工)
工況_CASE_0706,4750.8,2,74.29%,-5.0,1.5,52.79,🔴 紅燈 (高危險拉響警報/自主停工)
工況_CASE_0031,3383.0,2,77.65%,-5.0,1.5,52.78,🔴 紅燈 (高危險拉響警報/自主停工)
工況_CASE_0138,9551.5,1,82.19%,-5.0,1.5,52.77,🔴 紅燈 (高危險拉響警報/自主停工)
工況_CASE_0416,5681.2,1,87.33%,-5.0,1.5,52.76,🔴 紅燈 (高危險拉響警報/自主停工)
工況_CASE_0277,3101.2,1,93.32%,-5.0,1.5,52.74,🔴 紅燈 (高危險拉響警報/自主停工)
工況_CASE_0346,4555.2,2,74.42%,-5.0,1.5,52.73,🔴 紅燈 (高危險拉響警報/自主停工)
工況_CASE_0078,6744.9,1,85.49%,-5.0,1.5,52.73,🔴 紅燈 (高危險拉響警報/自主停工)
工況_CASE_0156,5229.7,1,87.91%,-5.0,1.5,52.71,🔴 紅燈 (高危險拉響警報/自主停工)
工況_CASE_0826,7434.7,1,84.26%,-5.0,1.5,52.68,🔴 紅燈 (高危險拉響警報/自主停工)
工況_CASE_0888,7834.0,1,83.56%,-5.0,1.5,52.65,🔴 紅燈 (高危險拉響警報/自主停工)
工況_CASE_0391,4275.1,2,74.56%,-5.0,1.5,52.63,🔴 紅燈 (高危險拉響警報/自主停工)
工況_CASE_0325,6181.3,1,85.7%,-5.0,1.5,52.6,🔴 紅燈 (高危險拉響警報/自主停工)
工況_CASE_0032,6002.9,1,85.95%,-5.0,1.5,52.59,🔴 紅燈 (高危險拉響警報/自主停工)
工況_CASE_0287,6119.6,1,85.56%,-5.0,1.5,52.55,🔴 紅燈 (高危險拉響警報/自主停工)
工況_CASE_0095,8530.9,1,82.18%,-5.0,1.5,52.54,🔴 紅燈 (高危險拉響警報/自主停工)
工況_CASE_0607,5336.9,1,86.74%,-5.0,1.5,52.51,🔴 紅燈 (高危險拉響警報/自主停工)
工況_CASE_0368,8624.0,1,81.95%,-5.0,1.5,52.51,🔴 紅燈 (高危險拉響警報/自主停工)
工況_CASE_1056,4063.1,2,74.38%,-5.0,1.5,52.5,🔴 紅燈 (高危險拉響警報/自主停工)
工況_CASE_0953,6021.6,1,85.31%,-5.0,1.5,52.47,🔴 紅燈 (高危險拉響警報/自主停工)
工況_CASE_1047,5196.1,1,86.64%,-5.0,1.5,52.44,🔴 紅燈 (高危險拉響警報/自主停工)
工況_CASE_0362,9804.1,1,80.04%,-5.0,1.5,52.39,🔴 紅燈 (高危險拉響警報/自主停工)
工況_CASE_0721,6600.8,1,83.93%,-5.0,1.5,52.38,🔴 紅燈 (高危險拉響警報/自主停工)
工況_CASE_0020,6164.2,1,84.6%,-5.0,1.5,52.37,🔴 紅燈 (高危險拉響警報/自主停工)
工況_CASE_0067,3221.0,2,76.08%,-5.0,1.5,52.37,🔴 紅燈 (高危險拉響警報/自主停工)
工況_CASE_0835,8991.3,0,95.71%,-5.0,1.5,52.35,🔴 紅燈 (高危險拉響警報/自主停工)
工況_CASE_0418,7093.8,1,83.01%,-5.0,1.5,52.34,🔴 紅燈 (高危險拉響警報/自主停工)
工況_CASE_0234,6704.5,2,68.55%,-5.0,1.5,52.33,🔴 紅燈 (高危險拉響警報/自主停工)
工況_CASE_0908,4221.2,1,88.11%,-5.0,1.5,52.32,🔴 紅燈 (高危險拉響警報/自主停工)
工況_CASE_0958,7089.0,1,82.84%,-5.0,1.5,52.3,🔴 紅燈 (高危險拉響警報/自主停工)
工況_CASE_0694,8145.6,1,81.41%,-5.0,1.5,52.29,🔴 紅燈 (高危險拉響警報/自主停工)
工況_CASE_0710,10431.9,1,78.81%,-5.0,1.5,52.27,🔴 紅燈 (高危險拉響警報/自主停工)
工況_CASE_0122,6541.4,1,83.49%,-5.0,1.5,52.27,🔴 紅燈 (高危險拉響警報/自主停工)
工況_CASE_1076,1511.3,2,83.07%,-5.0,1.5,52.26,🔴 紅燈 (高危險拉響警報/自主停工)
工況_CASE_0440,7412.3,1,82.08%,-5.0,1.5,52.24,🔴 紅燈 (高危險拉響警報/自主停工)
工況_CASE_0675,3707.5,1,89.03%,-5.0,1.5,52.24,🔴 紅燈 (高危險拉響警報/自主停工)
工況_CASE_0271,5512.1,1,85.07%,-5.0,1.5,52.24,🔴 紅燈 (高危險拉響警報/自主停工)
工況_CASE_0622,6447.2,1,83.49%,-5.0,1.5,52.24,🔴 紅燈 (高危險拉響警報/自主停工)
工況_CASE_0639,6950.4,1,82.66%,-5.0,1.5,52.23,🔴 紅燈 (高危險拉響警報/自主停工)
工況_CASE_0965,6513.6,1,83.22%,-5.0,1.5,52.21,🔴 紅燈 (高危險拉響警報/自主停工)
工況_CASE_0846,8638.4,1,80.36%,-5.0,1.5,52.2,🔴 紅燈 (高危險拉響警報/自主停工)
工況_CASE_0419,4404.9,1,87.04%,-5.0,1.5,52.19,🔴 紅燈 (高危險拉響警報/自主停工)
工況_CASE_1105,3533.9,1,89.25%,-5.0,1.5,52.19,🔴 紅燈 (高危險拉響警報/自主停工)
工況_CASE_0907,6843.6,1,82.57%,-5.0,1.5,52.18,🔴 紅燈 (高危險拉響警報/自主停工)
工況_CASE_0850,5753.1,1,84.21%,-5.0,1.5,52.16,🔴 紅燈 (高危險拉響警報/自主停工)
工況_CASE_0947,5381.3,1,84.86%,-5.0,1.5,52.15,🔴 紅燈 (高危險拉響警報/自主停工)
工況_CASE_0184,5436.4,1,84.71%,-5.0,1.5,52.14,🔴 紅燈 (高危險拉響警報/自主停工)
工況_CASE_0478,9929.8,1,78.66%,-5.0,1.5,52.14,🔴 紅燈 (高危險拉響警報/自主停工)
工況_CASE_0065,6926.8,1,82.22%,-5.0,1.5,52.13,🔴 紅燈 (高危險拉響警報/自主停工)
工況_CASE_0034,7743.7,1,81.03%,-5.0,1.5,52.12,🔴 紅燈 (高危險拉響警報/自主停工)
工況_CASE_0370,5229.1,1,84.91%,-5.0,1.5,52.11,🔴 紅燈 (高危險拉響警報/自主停工)
工況_CASE_0326,5811.2,1,83.73%,-5.0,1.5,52.08,🔴 紅燈 (高危險拉響警報/自主停工)
工況_CASE_0504,5553.1,1,84.15%,-5.0,1.5,52.08,🔴 紅燈 (高危險拉響警報/自主停工)
工況_CASE_0897,4013.8,1,87.38%,-5.0,1.5,52.07,🔴 紅燈 (高危險拉響警報/自主停工)
工況_CASE_0255,6421.9,1,82.38%,-5.0,1.5,52.01,🔴 紅燈 (高危險拉響警報/自主停工)
工況_CASE_0352,5919.9,1,83.19%,-5.0,1.5,52.01,🔴 紅燈 (高危險拉響警報/自主停工)
工況_CASE_0301,9597.8,1,78.34%,-5.0,1.5,52.01,🔴 紅燈 (高危險拉響警報/自主停工)
工況_CASE_1035,3947.5,1,87.1%,-5.0,1.5,51.98,🔴 紅燈 (高危險拉響警報/自主停工)
工況_CASE_0668,5413.4,1,83.95%,-5.0,1.5,51.98,🔴 紅燈 (高危險拉響警報/自主停工)
工況_CASE_0115,4564.6,1,85.65%,-5.0,1.5,51.98,🔴 紅燈 (高危險拉響警報/自主停工)
工況_CASE_0716,8914.1,1,78.95%,-5.0,1.5,51.98,🔴 紅燈 (高危險拉響警報/自主停工)
工況_CASE_0341,8131.0,1,79.83%,-5.0,1.5,51.97,🔴 紅燈 (高危險拉響警報/自主停工)
工況_CASE_0531,6506.7,1,82.06%,-5.0,1.5,51.97,🔴 紅燈 (高危險拉響警報/自主停工)
工況_CASE_0169,4874.6,1,84.93%,-5.0,1.5,51.97,🔴 紅燈 (高危險拉響警報/自主停工)
工況_CASE_0899,6580.7,1,81.86%,-5.0,1.5,51.96,🔴 紅燈 (高危險拉響警報/自主停工)
工況_CASE_0298,6735.5,1,81.57%,-5.0,1.5,51.95,🔴 紅燈 (高危險拉響警報/自主停工)
工況_CASE_0140,4778.1,1,85.04%,-5.0,1.5,51.95,🔴 紅燈 (高危險拉響警報/自主停工)
工況_CASE_0722,6169.0,1,82.41%,-5.0,1.5,51.94,🔴 紅燈 (高危險拉響警報/自主停工)
工況_CASE_0860,3985.8,2,71.81%,-5.0,1.5,51.94,🔴 紅燈 (高危險拉響警報/自主停工)
工況_CASE_0353,5393.0,1,83.7%,-5.0,1.5,51.93,🔴 紅燈 (高危險拉響警報/自主停工)
工況_CASE_1103,5450.5,1,83.62%,-5.0,1.5,51.93,🔴 紅燈 (高危險拉響警報/自主停工)
工況_CASE_1043,4100.0,1,86.44%,-5.0,1.5,51.93,🔴 紅燈 (高危險拉響警報/自主停工)
工況_CASE_0286,7129.1,1,80.75%,-5.0,1.5,51.9,🔴 紅燈 (高危險拉響警報/自主停工)
工況_CASE_0227,5218.8,1,83.79%,-5.0,1.5,51.88,🔴 紅燈 (高危險拉響警報/自主停工)
工況_CASE_0591,4147.3,1,85.9%,-5.0,1.5,51.84,🔴 紅燈 (高危險拉響警報/自主停工)
工況_CASE_0815,4621.8,1,84.77%,-5.0,1.5,51.83,🔴 紅燈 (高危險拉響警報/自主停工)
工況_CASE_0886,5815.8,1,82.42%,-5.0,1.5,51.82,🔴 紅燈 (高危險拉響警報/自主停工)
工況_CASE_0884,8410.0,1,78.65%,-5.0,1.5,51.81,🔴 紅燈 (高危險拉響警報/自主停工)
工況_CASE_0696,2477.1,2,75.83%,-5.0,1.5,51.8,🔴 紅燈 (高危險拉響警報/自主停工)
工況_CASE_0210,4459.6,1,84.9%,-5.0,1.5,51.79,🔴 紅燈 (高危險拉響警報/自主停工)
工況_CASE_1094,5806.6,1,82.3%,-5.0,1.5,51.79,🔴 紅燈 (高危險拉響警報/自主停工)
工況_CASE_0351,5685.5,1,82.44%,-5.0,1.5,51.78,🔴 紅燈 (高危險拉響警報/自主停工)
工況_CASE_0214,6784.8,1,80.64%,-5.0,1.5,51.77,🔴 紅燈 (高危險拉響警報/自主停工)
工況_CASE_0613,8230.8,1,78.55%,-5.0,1.5,51.74,🔴 紅燈 (高危險拉響警報/自主停工)
工況_CASE_0837,5460.1,1,82.65%,-5.0,1.5,51.74,🔴 紅燈 (高危險拉響警報/自主停工)
工況_CASE_0292,7258.1,1,79.75%,-5.0,1.5,51.73,🔴 紅燈 (高危險拉響警報/自主停工)
工況_CASE_0524,7427.5,1,79.46%,-5.0,1.5,51.72,🔴 紅燈 (高危險拉響警報/自主停工)
工況_CASE_0677,7784.9,1,78.91%,-5.0,1.5,51.7,🔴 紅燈 (高危險拉響警報/自主停工)
工況_CASE_0503,9314.6,1,77.13%,-5.0,1.5,51.7,🔴 紅燈 (高危險拉響警報/自主停工)
工況_CASE_0264,6943.6,1,80.0%,-5.0,1.5,51.69,🔴 紅燈 (高危險拉響警報/自主停工)
工況_CASE_0309,5332.9,1,82.62%,-5.0,1.5,51.69,🔴 紅燈 (高危險拉響警報/自主停工)
工況_CASE_0857,5320.0,1,82.67%,-5.0,1.5,51.69,🔴 紅燈 (高危險拉響警報/自主停工)
工況_CASE_0046,3396.3,1,87.08%,-5.0,1.5,51.68,🔴 紅燈 (高危險拉響警報/自主停工)
工況_CASE_1028,5592.4,1,82.03%,-5.0,1.5,51.67,🔴 紅燈 (高危險拉響警報/自主停工)
工況_CASE_0323,4021.1,1,85.38%,-5.0,1.5,51.67,🔴 紅燈 (高危險拉響警報/自主停工)
工況_CASE_0412,5395.1,1,82.4%,-5.0,1.5,51.67,🔴 紅燈 (高危險拉響警報/自主停工)
工況_CASE_0714,7331.6,1,79.13%,-5.0,1.5,51.63,🔴 紅燈 (高危險拉響警報/自主停工)
工況_CASE_0404,5278.7,1,82.42%,-5.0,1.5,51.63,🔴 紅燈 (高危險拉響警報/自主停工)
工況_CASE_0621,6027.8,1,81.05%,-5.0,1.5,51.62,🔴 紅燈 (高危險拉響警報/自主停工)
工況_CASE_0463,3528.9,1,86.34%,-5.0,1.5,51.61,🔴 紅燈 (高危險拉響警報/自主停工)
工況_CASE_0059,5501.0,1,81.89%,-5.0,1.5,51.6,🔴 紅燈 (高危險拉響警報/自主停工)
工況_CASE_0820,4042.9,1,84.95%,-5.0,1.5,51.6,🔴 紅燈 (高危險拉響警報/自主停工)
工況_CASE_0220,4304.9,1,84.3%,-5.0,1.5,51.6,🔴 紅燈 (高危險拉響警報/自主停工)
工況_CASE_0036,7547.5,1,78.7%,-5.0,1.5,51.6,🔴 紅燈 (高危險拉響警報/自主停工)
工況_CASE_0560,7065.9,1,79.18%,-5.0,1.5,51.56,🔴 紅燈 (高危險拉響警報/自主停工)
工況_CASE_0756,7470.2,1,78.56%,-5.0,1.5,51.55,🔴 紅燈 (高危險拉響警報/自主停工)
工況_CASE_1113,4741.0,1,83.06%,-5.0,1.5,51.54,🔴 紅燈 (高危險拉響警報/自主停工)
工況_CASE_0492,7415.6,1,78.57%,-5.0,1.5,51.54,🔴 紅燈 (高危險拉響警報/自主停工)
工況_CASE_0646,5848.5,1,80.87%,-5.0,1.5,51.52,🔴 紅燈 (高危險拉響警報/自主停工)
工況_CASE_0501,3661.9,1,85.36%,-5.0,1.5,51.48,🔴 紅燈 (高危險拉響警報/自主停工)
工況_CASE_0773,5346.7,1,81.38%,-5.0,1.5,51.44,🔴 紅燈 (高危險拉響警報/自主停工)
工況_CASE_0068,6757.3,1,78.96%,-5.0,1.5,51.43,🔴 紅燈 (高危險拉響警報/自主停工)
工況_CASE_1062,4459.7,1,83.13%,-5.0,1.5,51.43,🔴 紅燈 (高危險拉響警報/自主停工)
工況_CASE_0761,2621.2,1,88.37%,-5.0,1.5,51.42,🔴 紅燈 (高危險拉響警報/自主停工)
工況_CASE_0578,7035.0,0,93.47%,-5.0,1.5,51.41,🔴 紅燈 (高危險拉響警報/自主停工)
工況_CASE_1111,4811.1,1,82.26%,-5.0,1.5,51.41,🔴 紅燈 (高危險拉響警報/自主停工)
工況_CASE_0313,7841.0,1,77.3%,-5.0,1.5,51.4,🔴 紅燈 (高危險拉響警報/自主停工)
工況_CASE_0862,8027.2,1,77.09%,-5.0,1.5,51.4,🔴 紅燈 (高危險拉響警報/自主停工)
工況_CASE_0795,5851.8,1,80.25%,-5.0,1.5,51.4,🔴 紅燈 (高危險拉響警報/自主停工)
工況_CASE_0925,10241.6,1,74.6%,-5.0,1.5,51.39,🔴 紅燈 (高危險拉響警報/自主停工)
工況_CASE_0342,1598.0,2,78.12%,-5.0,1.5,51.38,🔴 紅燈 (高危險拉響警報/自主停工)
工況_CASE_0838,4154.7,1,83.54%,-5.0,1.5,51.37,🔴 紅燈 (高危險拉響警報/自主停工)
工況_CASE_0575,5932.9,1,79.98%,-5.0,1.5,51.37,🔴 紅燈 (高危險拉響警報/自主停工)
工況_CASE_0829,6566.8,1,78.9%,-5.0,1.5,51.36,🔴 紅燈 (高危險拉響警報/自主停工)
工況_CASE_0415,4871.7,1,81.8%,-5.0,1.5,51.34,🔴 紅燈 (高危險拉響警報/自主停工)
工況_CASE_0615,5807.5,1,80.04%,-5.0,1.5,51.34,🔴 紅燈 (高危險拉響警報/自主停工)
工況_CASE_0711,4890.2,1,81.58%,-5.0,1.5,51.31,🔴 紅燈 (高危險拉響警報/自主停工)
工況_CASE_0054,4286.5,1,82.94%,-5.0,1.5,51.31,🔴 紅燈 (高危險拉響警報/自主停工)
工況_CASE_0628,4556.3,1,82.27%,-5.0,1.5,51.3,🔴 紅燈 (高危險拉響警報/自主停工)
工況_CASE_0001,5993.4,1,79.47%,-5.0,1.5,51.29,🔴 紅燈 (高危險拉響警報/自主停工)
工況_CASE_0202,3796.1,1,83.96%,-5.0,1.5,51.28,🔴 紅燈 (高危險拉響警報/自主停工)
工況_CASE_0666,6023.8,1,79.32%,-5.0,1.5,51.27,🔴 紅燈 (高危險拉響警報/自主停工)
工況_CASE_0381,2548.5,2,72.84%,-5.0,1.5,51.25,🔴 紅燈 (高危險拉響警報/自主停工)
工況_CASE_0618,4195.9,1,82.78%,-5.0,1.5,51.24,🔴 紅燈 (高危險拉響警報/自主停工)
工況_CASE_0640,6306.6,0,93.59%,-5.0,1.5,51.22,🔴 紅燈 (高危險拉響警報/自主停工)
工況_CASE_0691,6393.9,1,78.49%,-5.0,1.5,51.22,🔴 紅燈 (高危險拉響警報/自主停工)
工況_CASE_0523,4665.8,1,81.57%,-5.0,1.5,51.21,🔴 紅燈 (高危險拉響警報/自主停工)
工況_CASE_0758,4454.0,1,81.98%,-5.0,1.5,51.2,🔴 紅燈 (高危險拉響警報/自主停工)
工況_CASE_0509,7400.8,1,76.87%,-5.0,1.5,51.19,🔴 紅燈 (高危險拉響警報/自主停工)
工況_CASE_0629,6026.2,1,78.86%,-5.0,1.5,51.18,🔴 紅燈 (高危險拉響警報/自主停工)
工況_CASE_0690,1392.4,2,78.38%,-5.0,1.5,51.16,🔴 紅燈 (高危險拉響警報/自主停工)
工況_CASE_0876,4229.2,1,82.26%,-5.0,1.5,51.15,🔴 紅燈 (高危險拉響警報/自主停工)
工況_CASE_0654,5960.3,0,93.81%,-5.0,1.5,51.15,🔴 紅燈 (高危險拉響警報/自主停工)
工況_CASE_0990,4667.1,1,81.22%,-5.0,1.5,51.14,🔴 紅燈 (高危險拉響警報/自主停工)
工況_CASE_0623,5819.6,1,78.95%,-5.0,1.5,51.13,🔴 紅燈 (高危險拉響警報/自主停工)
工況_CASE_0409,4618.6,1,81.24%,-5.0,1.5,51.12,🔴 紅燈 (高危險拉響警報/自主停工)
工況_CASE_0151,5010.5,1,80.39%,-5.0,1.5,51.12,🔴 紅燈 (高危險拉響警報/自主停工)
工況_CASE_0349,2496.9,1,87.38%,-5.0,1.5,51.12,🔴 紅燈 (高危險拉響警報/自主停工)
工況_CASE_0382,1876.4,1,90.17%,-5.0,1.5,51.11,🔴 紅燈 (高危險拉響警報/自主停工)
工況_CASE_0033,3940.5,1,82.72%,-5.0,1.5,51.1,🔴 紅燈 (高危險拉響警報/自主停工)
工況_CASE_0262,1493.1,2,77.43%,-5.0,1.5,51.1,🔴 紅燈 (高危險拉響警報/自主停工)
工況_CASE_0746,7054.8,1,76.84%,-5.0,1.5,51.09,🔴 紅燈 (高危險拉響警報/自主停工)
工況_CASE_1106,4402.8,1,81.53%,-5.0,1.5,51.09,🔴 紅燈 (高危險拉響警報/自主停工)
工況_CASE_0253,3951.0,1,82.6%,-5.0,1.5,51.08,🔴 紅燈 (高危險拉響警報/自主停工)
工況_CASE_1025,3937.6,1,82.58%,-5.0,1.5,51.07,🔴 紅燈 (高危險拉響警報/自主停工)
工況_CASE_0587,5646.2,1,78.9%,-5.0,1.5,51.06,🔴 紅燈 (高危險拉響警報/自主停工)
工況_CASE_0058,7598.8,1,75.82%,-5.0,1.5,51.04,🔴 紅燈 (高危險拉響警報/自主停工)
工況_CASE_1069,7527.4,1,75.93%,-5.0,1.5,51.04,🔴 紅燈 (高危險拉響警報/自主停工)
工況_CASE_0704,4276.5,1,81.56%,-5.0,1.5,51.03,🔴 紅燈 (高危險拉響警報/自主停工)
工況_CASE_0930,5667.5,1,78.67%,-5.0,1.5,51.02,🔴 紅燈 (高危險拉響警報/自主停工)
工況_CASE_0467,5267.1,1,79.39%,-5.0,1.5,51.02,🔴 紅燈 (高危險拉響警報/自主停工)
工況_CASE_0880,5031.6,1,79.72%,-5.0,1.5,50.99,🔴 紅燈 (高危險拉響警報/自主停工)
工況_CASE_0274,4304.0,1,81.15%,-5.0,1.5,50.97,🔴 紅燈 (高危險拉響警報/自主停工)
工況_CASE_0263,3910.2,1,82.15%,-5.0,1.5,50.97,🔴 紅燈 (高危險拉響警報/自主停工)
工況_CASE_0328,3701.6,1,82.56%,-5.0,1.5,50.95,🔴 紅燈 (高危險拉響警報/自主停工)
工況_CASE_0743,4344.2,1,80.93%,-5.0,1.5,50.94,🔴 紅燈 (高危險拉響警報/自主停工)
工況_CASE_0752,5406.6,1,78.73%,-5.0,1.5,50.94,🔴 紅燈 (高危險拉響警報/自主停工)
工況_CASE_0330,3620.9,1,82.63%,-5.0,1.5,50.92,🔴 紅燈 (高危險拉響警報/自主停工)
工況_CASE_0967,4921.4,1,79.48%,-5.0,1.5,50.9,🔴 紅燈 (高危險拉響警報/自主停工)
工況_CASE_1005,5367.7,0,93.62%,-5.0,1.5,50.9,🔴 紅燈 (高危險拉響警報/自主停工)
工況_CASE_0606,3389.3,1,83.14%,-5.0,1.5,50.89,🔴 紅燈 (高危險拉響警報/自主停工)
工況_CASE_1041,3860.3,1,81.8%,-5.0,1.5,50.88,🔴 紅燈 (高危險拉響警報/自主停工)
工況_CASE_0196,9086.6,0,88.26%,-5.0,1.5,50.88,🔴 紅燈 (高危險拉響警報/自主停工)
工況_CASE_0842,5908.4,1,77.48%,-5.0,1.5,50.87,🔴 紅燈 (高危險拉響警報/自主停工)
工況_CASE_0962,2529.3,1,85.98%,-5.0,1.5,50.87,🔴 紅燈 (高危險拉響警報/自主停工)
工況_CASE_0321,3964.8,1,81.28%,-5.0,1.5,50.83,🔴 紅燈 (高危險拉響警報/自主停工)
工況_CASE_0635,4791.1,1,79.31%,-5.0,1.5,50.81,🔴 紅燈 (高危險拉響警報/自主停工)
工況_CASE_1114,5146.9,1,78.48%,-5.0,1.5,50.79,🔴 紅燈 (高危險拉響警報/自主停工)
工況_CASE_0112,6103.5,1,76.61%,-5.0,1.5,50.75,🔴 紅燈 (高危險拉響警報/自主停工)
工況_CASE_0713,4605.3,1,79.4%,-5.0,1.5,50.75,🔴 紅燈 (高危險拉響警報/自主停工)
工況_CASE_0014,10556.6,0,86.13%,-5.0,1.5,50.75,🔴 紅燈 (高危險拉響警報/自主停工)
工況_CASE_0175,4775.3,1,79.05%,-5.0,1.5,50.75,🔴 紅燈 (高危險拉響警報/自主停工)
工況_CASE_0741,3951.8,1,80.92%,-5.0,1.5,50.75,🔴 紅燈 (高危險拉響警報/自主停工)
工況_CASE_0843,4412.1,1,79.8%,-5.0,1.5,50.74,🔴 紅燈 (高危險拉響警報/自主停工)
工況_CASE_0557,8769.2,0,87.87%,-5.0,1.5,50.73,🔴 紅燈 (高危險拉響警報/自主停工)
工況_CASE_1112,7616.0,1,74.26%,-5.0,1.5,50.73,🔴 紅燈 (高危險拉響警報/自主停工)
工況_CASE_0490,5999.1,0,91.6%,-5.0,1.5,50.72,🔴 紅燈 (高危險拉響警報/自主停工)
工況_CASE_0146,4852.8,1,78.75%,-5.0,1.5,50.72,🔴 紅燈 (高危險拉響警報/自主停工)
工況_CASE_0445,3653.0,1,81.55%,-5.0,1.5,50.72,🔴 紅燈 (高危險拉響警報/自主停工)
工況_CASE_0527,5799.4,1,76.9%,-5.0,1.5,50.71,🔴 紅燈 (高危險拉響警報/自主停工)
工況_CASE_0345,5487.6,1,77.34%,-5.0,1.5,50.69,🔴 紅燈 (高危險拉響警報/自主停工)
工況_CASE_0025,5723.3,1,76.93%,-5.0,1.5,50.69,🔴 紅燈 (高危險拉響警報/自主停工)
工況_CASE_0009,3911.2,1,80.71%,-5.0,1.5,50.69,🔴 紅燈 (高危險拉響警報/自主停工)
工況_CASE_0047,6173.7,0,91.11%,-5.0,1.5,50.68,🔴 紅燈 (高危險拉響警報/自主停工)
工況_CASE_0920,6097.8,0,91.25%,-5.0,1.5,50.68,🔴 紅燈 (高危險拉響警報/自主停工)
工況_CASE_0360,7047.0,1,74.69%,-5.0,1.5,50.66,🔴 紅燈 (高危險拉響警報/自主停工)
工況_CASE_0736,3702.2,1,81.1%,-5.0,1.5,50.65,🔴 紅燈 (高危險拉響警報/自主停工)
工況_CASE_0737,6614.2,1,75.29%,-5.0,1.5,50.65,🔴 紅燈 (高危險拉響警報/自主停工)
工況_CASE_0049,5199.3,1,77.64%,-5.0,1.5,50.64,🔴 紅燈 (高危險拉響警報/自主停工)
工況_CASE_0219,5143.1,1,77.77%,-5.0,1.5,50.64,🔴 紅燈 (高危險拉響警報/自主停工)
工況_CASE_0750,6044.5,1,76.07%,-5.0,1.5,50.63,🔴 紅燈 (高危險拉響警報/自主停工)
工況_CASE_0258,1660.4,1,88.98%,-5.0,1.5,50.63,🔴 紅燈 (高危險拉響警報/自主停工)
工況_CASE_0414,3456.7,1,81.64%,-5.0,1.5,50.62,🔴 紅燈 (高危險拉響警報/自主停工)
工況_CASE_0521,4557.5,1,78.77%,-5.0,1.5,50.6,🔴 紅燈 (高危險拉響警報/自主停工)
工況_CASE_0466,3501.6,1,81.28%,-5.0,1.5,50.58,🔴 紅燈 (高危險拉響警報/自主停工)
工況_CASE_0056,4351.0,1,79.13%,-5.0,1.5,50.58,🔴 紅燈 (高危險拉響警報/自主停工)
工況_CASE_0204,1459.5,2,74.99%,-5.0,1.5,50.57,🔴 紅燈 (高危險拉響警報/自主停工)
工況_CASE_0583,6238.3,0,90.44%,-5.0,1.5,50.57,🔴 紅燈 (高危險拉響警報/自主停工)
工況_CASE_0595,5969.5,1,75.93%,-5.0,1.5,50.57,🔴 紅燈 (高危險拉響警報/自主停工)
工況_CASE_0734,3290.7,1,81.83%,-5.0,1.5,50.56,🔴 紅燈 (高危險拉響警報/自主停工)
工況_CASE_0662,5289.7,1,77.08%,-5.0,1.5,50.56,🔴 紅燈 (高危險拉響警報/自主停工)
工況_CASE_0513,4354.6,1,78.9%,-5.0,1.5,50.54,🟡 黃燈 (中風險加強稽查)
工況_CASE_0229,8764.0,0,86.88%,-5.0,1.5,50.53,🟡 黃燈 (中風險加強稽查)
工況_CASE_0943,5819.5,1,75.85%,-5.0,1.5,50.51,🟡 黃燈 (中風險加強稽查)
工況_CASE_0233,4684.0,1,78.02%,-5.0,1.5,50.51,🟡 黃燈 (中風險加強稽查)
工況_CASE_1074,5297.8,1,76.76%,-5.0,1.5,50.5,🟡 黃燈 (中風險加強稽查)
工況_CASE_0424,5339.4,1,76.66%,-5.0,1.5,50.5,🟡 黃燈 (中風險加強稽查)
工況_CASE_0989,2738.8,1,83.27%,-5.0,1.5,50.49,🟡 黃燈 (中風險加強稽查)
工況_CASE_0448,7449.2,0,88.27%,-5.0,1.5,50.49,🟡 黃燈 (中風險加強稽查)
工況_CASE_0627,3929.3,1,79.7%,-5.0,1.5,50.49,🟡 黃燈 (中風險加強稽查)
工況_CASE_0133,5645.4,1,76.02%,-5.0,1.5,50.48,🟡 黃燈 (中風險加強稽查)
工況_CASE_0869,6622.8,1,74.42%,-5.0,1.5,50.48,🟡 黃燈 (中風險加強稽查)
工況_CASE_0208,4363.0,1,78.56%,-5.0,1.5,50.47,🟡 黃燈 (中風險加強稽查)
工況_CASE_0549,4659.6,1,77.89%,-5.0,1.5,50.47,🟡 黃燈 (中風險加強稽查)
工況_CASE_0543,1948.7,1,86.47%,-5.0,1.5,50.44,🟡 黃燈 (中風險加強稽查)
工況_CASE_0522,2318.9,1,84.72%,-5.0,1.5,50.44,🟡 黃燈 (中風險加強稽查)
工況_CASE_0614,1963.1,1,86.38%,-5.0,1.5,50.44,🟡 黃燈 (中風險加強稽查)
工況_CASE_0063,2617.4,1,83.44%,-5.0,1.5,50.43,🟡 黃燈 (中風險加強稽查)
工況_CASE_0051,2875.4,1,82.52%,-5.0,1.5,50.43,🟡 黃燈 (中風險加強稽查)
工況_CASE_0779,4249.6,1,78.57%,-5.0,1.5,50.42,🟡 黃燈 (中風險加強稽查)
工況_CASE_0316,3319.8,1,80.98%,-5.0,1.5,50.41,🟡 黃燈 (中風險加強稽查)
工況_CASE_1098,4245.9,1,78.41%,-5.0,1.5,50.39,🟡 黃燈 (中風險加強稽查)
工況_CASE_0643,8224.6,0,86.73%,-5.0,1.5,50.38,🟡 黃燈 (中風險加強稽查)
工況_CASE_0209,5579.5,0,90.53%,-5.0,1.5,50.36,🟡 黃燈 (中風險加強稽查)
工況_CASE_0976,4867.7,1,76.89%,-5.0,1.5,50.36,🟡 黃燈 (中風險加強稽查)
工況_CASE_0565,3003.2,1,81.67%,-5.0,1.5,50.35,🟡 黃燈 (中風險加強稽查)
工況_CASE_0685,6929.7,0,88.23%,-5.0,1.5,50.33,🟡 黃燈 (中風險加強稽查)
工況_CASE_0831,5170.6,1,76.12%,-5.0,1.5,50.33,🟡 黃燈 (中風險加強稽查)
工況_CASE_0619,6742.6,1,73.43%,-5.0,1.5,50.32,🟡 黃燈 (中風險加強稽查)
工況_CASE_1024,5232.3,1,75.93%,-5.0,1.5,50.31,🟡 黃燈 (中風險加強稽查)
工況_CASE_0154,7120.9,0,87.86%,-5.0,1.5,50.31,🟡 黃燈 (中風險加強稽查)
工況_CASE_0881,2415.5,1,83.61%,-5.0,1.5,50.3,🟡 黃燈 (中風險加強稽查)
工況_CASE_0239,8697.9,0,85.79%,-5.0,1.5,50.3,🟡 黃燈 (中風險加強稽查)
工況_CASE_0683,7620.6,0,87.14%,-5.0,1.5,50.3,🟡 黃燈 (中風險加強稽查)
工況_CASE_0797,6439.5,1,73.69%,-5.0,1.5,50.28,🟡 黃燈 (中風險加強稽查)
工況_CASE_0830,7919.5,1,71.56%,-5.0,1.5,50.27,🟡 黃燈 (中風險加強稽查)
工況_CASE_0120,8824.6,0,85.48%,-5.0,1.5,50.27,🟡 黃燈 (中風險加強稽查)
工況_CASE_0868,7997.2,0,86.4%,-5.0,1.5,50.25,🟡 黃燈 (中風險加強稽查)
工況_CASE_0727,5002.4,1,76.07%,-5.0,1.5,50.25,🟡 黃燈 (中風險加強稽查)
工況_CASE_0602,7297.5,0,87.32%,-5.0,1.5,50.25,🟡 黃燈 (中風險加強稽查)
工況_CASE_0679,7608.7,1,71.84%,-5.0,1.5,50.24,🟡 黃燈 (中風險加強稽查)
工況_CASE_0333,2280.3,1,83.89%,-5.0,1.5,50.24,🟡 黃燈 (中風險加強稽查)
工況_CASE_0893,2322.8,1,83.62%,-5.0,1.5,50.23,🟡 黃燈 (中風險加強稽查)
工況_CASE_0487,3773.2,1,78.64%,-5.0,1.5,50.2,🟡 黃燈 (中風險加強稽查)
工況_CASE_0143,5683.5,0,89.54%,-5.0,1.5,50.2,🟡 黃燈 (中風險加強稽查)
工況_CASE_0375,4951.3,0,90.87%,-5.0,1.5,50.19,🟡 黃燈 (中風險加強稽查)
工況_CASE_0631,5734.6,0,89.35%,-5.0,1.5,50.18,🟡 黃燈 (中風險加強稽查)
工況_CASE_0484,6080.2,1,73.74%,-5.0,1.5,50.17,🟡 黃燈 (中風險加強稽查)
工況_CASE_0580,5759.0,0,89.21%,-5.0,1.5,50.16,🟡 黃燈 (中風險加強稽查)
工況_CASE_0988,3385.1,1,79.41%,-5.0,1.5,50.14,🟡 黃燈 (中風險加強稽查)
工況_CASE_0660,6544.0,0,87.81%,-5.0,1.5,50.14,🟡 黃燈 (中風險加強稽查)
工況_CASE_0222,4145.2,1,77.39%,-5.0,1.5,50.14,🟡 黃燈 (中風險加強稽查)
工況_CASE_0984,3039.5,0,95.47%,-5.0,1.5,50.13,🟡 黃燈 (中風險加強稽查)
工況_CASE_0317,3774.4,1,78.22%,-5.0,1.5,50.12,🟡 黃燈 (中風險加強稽查)
工況_CASE_0453,6138.0,0,88.3%,-5.0,1.5,50.1,🟡 黃燈 (中風險加強稽查)
工況_CASE_1050,6390.0,1,72.85%,-5.0,1.5,50.09,🟡 黃燈 (中風險加強稽查)
工況_CASE_0979,7022.9,0,86.86%,-5.0,1.5,50.09,🟡 黃燈 (中風險加強稽查)
工況_CASE_0590,3053.1,1,80.13%,-5.0,1.5,50.07,🟡 黃燈 (中風險加強稽查)
工況_CASE_0653,4381.6,1,76.4%,-5.0,1.5,50.05,🟡 黃燈 (中風險加強稽查)
工況_CASE_0798,5464.3,1,74.14%,-5.0,1.5,50.04,🟡 黃燈 (中風險加強稽查)
工況_CASE_0533,4582.0,1,75.9%,-5.0,1.5,50.04,🟡 黃燈 (中風險加強稽查)
工況_CASE_0529,5617.7,0,88.67%,-5.0,1.5,50.0,🟡 黃燈 (中風險加強稽查)
工況_CASE_0018,2738.9,1,80.83%,-5.0,1.5,50.0,🟡 黃燈 (中風險加強稽查)
工況_CASE_0725,3415.2,1,78.62%,-5.0,1.5,50.0,🟡 黃燈 (中風險加強稽查)
工況_CASE_0748,4868.9,0,90.07%,-5.0,1.5,49.99,🟡 黃燈 (中風險加強稽查)
工況_CASE_0232,10077.4,0,82.78%,-5.0,1.5,49.99,🟡 黃燈 (中風險加強稽查)
工況_CASE_0373,3697.2,1,77.74%,-5.0,1.5,49.98,🟡 黃燈 (中風險加強稽查)
工況_CASE_0266,9310.5,0,83.52%,-5.0,1.5,49.98,🟡 黃燈 (中風險加強稽查)
工況_CASE_0062,5349.7,1,74.07%,-5.0,1.5,49.98,🟡 黃燈 (中風險加強稽查)
工況_CASE_0483,3121.3,1,79.44%,-5.0,1.5,49.98,🟡 黃燈 (中風險加強稽查)
工況_CASE_0077,5116.4,1,74.44%,-5.0,1.5,49.97,🟡 黃燈 (中風險加強稽查)
工況_CASE_0251,6871.4,0,86.51%,-5.0,1.5,49.97,🟡 黃燈 (中風險加強稽查)
工況_CASE_0311,3753.7,1,77.38%,-5.0,1.5,49.94,🟡 黃燈 (中風險加強稽查)
工況_CASE_0021,3321.6,1,78.61%,-5.0,1.5,49.94,🟡 黃燈 (中風險加強稽查)
工況_CASE_0873,7094.6,0,86.0%,-5.0,1.5,49.94,🟡 黃燈 (中風險加強稽查)
工況_CASE_0659,1393.7,2,72.24%,-5.0,1.5,49.93,🟡 黃燈 (中風險加強稽查)
工況_CASE_0749,7845.5,0,84.79%,-5.0,1.5,49.89,🟡 黃燈 (中風險加強稽查)
工況_CASE_1091,3074.5,1,79.12%,-5.0,1.5,49.89,🟡 黃燈 (中風險加強稽查)
工況_CASE_0203,6059.6,0,87.36%,-5.0,1.5,49.89,🟡 黃燈 (中風險加強稽查)
工況_CASE_0367,7798.7,0,84.78%,-5.0,1.5,49.88,🟡 黃燈 (中風險加強稽查)
工況_CASE_0398,6694.2,0,86.27%,-5.0,1.5,49.87,🟡 黃燈 (中風險加強稽查)
工況_CASE_0938,7578.8,0,85.0%,-5.0,1.5,49.87,🟡 黃燈 (中風險加強稽查)
工況_CASE_0221,4460.3,1,75.26%,-5.0,1.5,49.86,🟡 黃燈 (中風險加強稽查)
工況_CASE_0126,6227.7,0,86.95%,-5.0,1.5,49.86,🟡 黃燈 (中風險加強稽查)
工況_CASE_0534,5521.3,1,73.15%,-5.0,1.5,49.86,🟡 黃燈 (中風險加強稽查)
工況_CASE_0397,8001.5,0,84.41%,-5.0,1.5,49.86,🟡 黃燈 (中風險加強稽查)
工況_CASE_0918,7171.9,0,85.43%,-5.0,1.5,49.84,🟡 黃燈 (中風險加強稽查)
工況_CASE_0698,4656.3,1,74.62%,-5.0,1.5,49.82,🟡 黃燈 (中風險加強稽查)
工況_CASE_0563,4945.0,0,89.02%,-5.0,1.5,49.82,🟡 黃燈 (中風險加強稽查)
工況_CASE_0003,8158.4,0,83.99%,-5.0,1.5,49.81,🟡 黃燈 (中風險加強稽查)
工況_CASE_0512,6214.3,0,86.71%,-5.0,1.5,49.81,🟡 黃燈 (中風險加強稽查)
工況_CASE_0280,1620.9,1,85.09%,-5.0,1.5,49.8,🟡 黃燈 (中風險加強稽查)
工況_CASE_0978,5002.8,1,73.77%,-5.0,1.5,49.79,🟡 黃燈 (中風險加強稽查)
工況_CASE_0434,8029.0,0,84.02%,-5.0,1.5,49.79,🟡 黃燈 (中風險加強稽查)
工況_CASE_0131,5621.8,0,87.53%,-5.0,1.5,49.78,🟡 黃燈 (中風險加強稽查)
工況_CASE_0836,7163.9,0,85.13%,-5.0,1.5,49.78,🟡 黃燈 (中風險加強稽查)
工況_CASE_0940,5537.1,0,87.72%,-5.0,1.5,49.78,🟡 黃燈 (中風險加強稽查)
工況_CASE_0948,4815.2,1,74.07%,-5.0,1.5,49.77,🟡 黃燈 (中風險加強稽查)
工況_CASE_0848,3007.2,1,78.76%,-5.0,1.5,49.77,🟡 黃燈 (中風險加強稽查)
工況_CASE_0780,5786.5,0,87.22%,-5.0,1.5,49.77,🟡 黃燈 (中風險加強稽查)
工況_CASE_0514,6283.4,0,86.28%,-5.0,1.5,49.75,🟡 黃燈 (中風險加強稽查)
工況_CASE_1026,3635.2,1,76.77%,-5.0,1.5,49.75,🟡 黃燈 (中風險加強稽查)
工況_CASE_0796,4830.2,1,73.94%,-5.0,1.5,49.75,🟡 黃燈 (中風險加強稽查)
工況_CASE_0821,6360.4,0,86.12%,-5.0,1.5,49.74,🟡 黃燈 (中風險加強稽查)
工況_CASE_0098,4525.2,0,89.52%,-5.0,1.5,49.74,🟡 黃燈 (中風險加強稽查)
工況_CASE_0441,3596.0,1,76.84%,-5.0,1.5,49.74,🟡 黃燈 (中風險加強稽查)
工況_CASE_0536,5556.0,0,87.43%,-5.0,1.5,49.73,🟡 黃燈 (中風險加強稽查)
工況_CASE_0840,7116.4,0,84.84%,-5.0,1.5,49.71,🟡 黃燈 (中風險加強稽查)
工況_CASE_0525,6325.8,0,86.02%,-5.0,1.5,49.71,🟡 黃燈 (中風險加強稽查)
工況_CASE_0771,5203.7,0,87.9%,-5.0,1.5,49.7,🟡 黃燈 (中風險加強稽查)
工況_CASE_0760,7549.2,0,84.21%,-5.0,1.5,49.7,🟡 黃燈 (中風險加強稽查)
工況_CASE_0216,6018.8,0,86.39%,-5.0,1.5,49.68,🟡 黃燈 (中風險加強稽查)
工況_CASE_0582,4103.2,0,90.21%,-5.0,1.5,49.68,🟡 黃燈 (中風險加強稽查)
工況_CASE_0252,3591.1,1,76.52%,-5.0,1.5,49.68,🟡 黃燈 (中風險加強稽查)
工況_CASE_0681,2788.6,1,79.08%,-5.0,1.5,49.68,🟡 黃燈 (中風險加強稽查)
工況_CASE_0425,3623.7,0,91.42%,-5.0,1.5,49.67,🟡 黃燈 (中風險加強稽查)
工況_CASE_0956,3365.2,1,77.11%,-5.0,1.5,49.66,🟡 黃燈 (中風險加強稽查)
工況_CASE_0174,6029.2,0,86.18%,-5.0,1.5,49.65,🟡 黃燈 (中風險加強稽查)
工況_CASE_0911,6951.6,0,84.75%,-5.0,1.5,49.64,🟡 黃燈 (中風險加強稽查)
工況_CASE_0499,4654.1,0,88.72%,-5.0,1.5,49.63,🟡 黃燈 (中風險加強稽查)
工況_CASE_0738,5473.2,0,87.01%,-5.0,1.5,49.62,🟡 黃燈 (中風險加強稽查)
工況_CASE_0106,3769.7,0,90.71%,-5.0,1.5,49.61,🟡 黃燈 (中風險加強稽查)
工況_CASE_1090,8446.9,0,82.65%,-5.0,1.5,49.61,🟡 黃燈 (中風險加強稽查)
工況_CASE_0528,5061.0,1,72.7%,-5.0,1.5,49.6,🟡 黃燈 (中風險加強稽查)
工況_CASE_0433,5359.8,0,87.12%,-5.0,1.5,49.6,🟡 黃燈 (中風險加強稽查)
工況_CASE_0489,5873.9,0,86.11%,-5.0,1.5,49.58,🟡 黃燈 (中風險加強稽查)
工況_CASE_0045,7285.6,0,83.92%,-5.0,1.5,49.57,🟡 黃燈 (中風險加強稽查)
工況_CASE_0781,5996.4,0,85.86%,-5.0,1.5,49.57,🟡 黃燈 (中風險加強稽查)
工況_CASE_0380,6865.8,0,84.52%,-5.0,1.5,49.57,🟡 黃燈 (中風險加強稽查)
工況_CASE_0577,3530.8,1,76.11%,-5.0,1.5,49.56,🟡 黃燈 (中風險加強稽查)
工況_CASE_0511,7371.4,0,83.75%,-5.0,1.5,49.56,🟡 黃燈 (中風險加強稽查)
工況_CASE_0055,5454.9,0,86.69%,-5.0,1.5,49.55,🟡 黃燈 (中風險加強稽查)
工況_CASE_0318,6087.0,0,85.57%,-5.0,1.5,49.54,🟡 黃燈 (中風險加強稽查)
工況_CASE_0185,4984.1,0,87.56%,-5.0,1.5,49.54,🟡 黃燈 (中風險加強稽查)
工況_CASE_0517,6076.6,0,85.52%,-5.0,1.5,49.53,🟡 黃燈 (中風險加強稽查)
工況_CASE_0834,6940.8,0,84.17%,-5.0,1.5,49.53,🟡 黃燈 (中風險加強稽查)
工況_CASE_0069,5026.0,0,87.42%,-5.0,1.5,49.53,🟡 黃燈 (中風險加強稽查)
工況_CASE_0459,8345.1,0,82.25%,-5.0,1.5,49.51,🟡 黃燈 (中風險加強稽查)
工況_CASE_0344,6297.3,0,85.09%,-5.0,1.5,49.51,🟡 黃燈 (中風險加強稽查)
工況_CASE_0283,6264.8,0,85.02%,-5.0,1.5,49.49,🟡 黃燈 (中風險加強稽查)
工況_CASE_0638,5695.1,0,85.97%,-5.0,1.5,49.49,🟡 黃燈 (中風險加強稽查)
工況_CASE_0374,2936.8,1,77.51%,-5.0,1.5,49.47,🟡 黃燈 (中風險加強稽查)
工況_CASE_0768,9035.8,0,81.24%,-5.0,1.5,49.47,🟡 黃燈 (中風險加強稽查)
工況_CASE_0564,6800.4,0,84.05%,-5.0,1.5,49.46,🟡 黃燈 (中風險加強稽查)
工況_CASE_0144,6142.7,0,85.01%,-5.0,1.5,49.45,🟡 黃燈 (中風險加強稽查)
工況_CASE_1060,6649.5,0,84.24%,-5.0,1.5,49.45,🟡 黃燈 (中風險加強稽查)
工況_CASE_0906,2198.7,1,80.23%,-5.0,1.5,49.44,🟡 黃燈 (中風險加強稽查)
工況_CASE_0892,7213.9,0,83.36%,-5.0,1.5,49.44,🟡 黃燈 (中風險加強稽查)
工況_CASE_0555,7442.1,0,83.07%,-5.0,1.5,49.44,🟡 黃燈 (中風險加強稽查)
工況_CASE_0975,6251.0,0,84.58%,-5.0,1.5,49.4,🟡 黃燈 (中風險加強稽查)
工況_CASE_0324,1721.2,1,82.47%,-5.0,1.5,49.4,🟡 黃燈 (中風險加強稽查)
工況_CASE_0550,6895.7,0,83.57%,-5.0,1.5,49.39,🟡 黃燈 (中風險加強稽查)
工況_CASE_0485,4573.1,0,87.61%,-5.0,1.5,49.38,🟡 黃燈 (中風險加強稽查)
工況_CASE_0070,2187.2,1,79.98%,-5.0,1.5,49.38,🟡 黃燈 (中風險加強稽查)
工況_CASE_0331,5057.5,0,86.55%,-5.0,1.5,49.37,🟡 黃燈 (中風險加強稽查)
工況_CASE_0548,4985.9,0,86.72%,-5.0,1.5,49.37,🟡 黃燈 (中風險加強稽查)
工況_CASE_0011,3796.6,0,89.42%,-5.0,1.5,49.37,🟡 黃燈 (中風險加強稽查)
工況_CASE_0366,6977.8,0,83.27%,-5.0,1.5,49.36,🟡 黃燈 (中風險加強稽查)
工況_CASE_1080,1268.9,1,85.3%,-5.0,1.5,49.35,🟡 黃燈 (中風險加強稽查)
工況_CASE_0547,7048.1,0,83.12%,-5.0,1.5,49.35,🟡 黃燈 (中風險加強稽查)
工況_CASE_0128,6118.2,0,84.52%,-5.0,1.5,49.34,🟡 黃燈 (中風險加強稽查)
工況_CASE_0775,4793.5,1,71.94%,-5.0,1.5,49.34,🟡 黃燈 (中風險加強稽查)
工況_CASE_0026,7990.9,0,81.85%,-5.0,1.5,49.34,🟡 黃燈 (中風險加強稽查)
工況_CASE_0785,3329.7,0,90.6%,-5.0,1.5,49.34,🟡 黃燈 (中風險加強稽查)
工況_CASE_0807,1266.9,1,85.19%,-5.0,1.5,49.33,🟡 黃燈 (中風險加強稽查)
工況_CASE_1081,4812.7,0,86.79%,-5.0,1.5,49.32,🟡 黃燈 (中風險加強稽查)
工況_CASE_0369,6790.4,0,83.33%,-5.0,1.5,49.31,🟡 黃燈 (中風險加強稽查)
工況_CASE_0093,6010.0,0,84.49%,-5.0,1.5,49.3,🟡 黃燈 (中風險加強稽查)
工況_CASE_0971,5498.6,0,85.38%,-5.0,1.5,49.3,🟡 黃燈 (中風險加強稽查)
工況_CASE_0769,6430.8,0,83.75%,-5.0,1.5,49.29,🟡 黃燈 (中風險加強稽查)
工況_CASE_0634,5856.6,0,84.65%,-5.0,1.5,49.28,🟡 黃燈 (中風險加強稽查)
工況_CASE_1059,4626.2,1,72.0%,-5.0,1.5,49.28,🟡 黃燈 (中風險加強稽查)
工況_CASE_0637,5140.1,0,85.97%,-5.0,1.5,49.28,🟡 黃燈 (中風險加強稽查)
工況_CASE_1073,2739.6,0,92.22%,-5.0,1.5,49.27,🟡 黃燈 (中風險加強稽查)
工況_CASE_0411,5402.2,0,85.41%,-5.0,1.5,49.27,🟡 黃燈 (中風險加強稽查)
工況_CASE_0111,6625.7,0,83.31%,-5.0,1.5,49.26,🟡 黃燈 (中風險加強稽查)
工況_CASE_0173,8929.5,0,80.33%,-5.0,1.5,49.26,🟡 黃燈 (中風險加強稽查)
工況_CASE_0477,7171.8,0,82.53%,-5.0,1.5,49.26,🟡 黃燈 (中風險加強稽查)
工況_CASE_0787,9047.2,0,80.19%,-5.0,1.5,49.26,🟡 黃燈 (中風險加強稽查)
工況_CASE_1084,3888.9,1,73.65%,-5.0,1.5,49.26,🟡 黃燈 (中風險加強稽查)
工況_CASE_0845,6780.8,0,83.03%,-5.0,1.5,49.25,🟡 黃燈 (中風險加強稽查)
工況_CASE_0355,3647.2,0,89.16%,-5.0,1.5,49.24,🟡 黃燈 (中風險加強稽查)
工況_CASE_0426,5118.3,0,85.79%,-5.0,1.5,49.24,🟡 黃燈 (中風險加強稽查)
工況_CASE_1109,4886.8,0,86.25%,-5.0,1.5,49.24,🟡 黃燈 (中風險加強稽查)
工況_CASE_0828,6727.2,0,83.06%,-5.0,1.5,49.24,🟡 黃燈 (中風險加強稽查)
工況_CASE_0719,6906.3,0,82.72%,-5.0,1.5,49.23,🟡 黃燈 (中風險加強稽查)
工況_CASE_0334,7990.3,0,81.23%,-5.0,1.5,49.22,🟡 黃燈 (中風險加強稽查)
工況_CASE_0942,6502.3,0,83.28%,-5.0,1.5,49.22,🟡 黃燈 (中風險加強稽查)
工況_CASE_0124,820.0,1,89.01%,-5.0,1.5,49.22,🟡 黃燈 (中風險加強稽查)
工況_CASE_0064,3497.6,1,74.5%,-5.0,1.5,49.22,🟡 黃燈 (中風險加強稽查)
工況_CASE_1039,831.8,1,88.78%,-5.0,1.5,49.21,🟡 黃燈 (中風險加強稽查)
工況_CASE_1004,7704.1,0,81.57%,-5.0,1.5,49.21,🟡 黃燈 (中風險加強稽查)
工況_CASE_1100,5306.2,0,85.25%,-5.0,1.5,49.2,🟡 黃燈 (中風險加強稽查)
工況_CASE_0822,5218.9,0,85.42%,-5.0,1.5,49.2,🟡 黃燈 (中風險加強稽查)
工況_CASE_0700,5583.7,0,84.65%,-5.0,1.5,49.19,🟡 黃燈 (中風險加強稽查)
工況_CASE_0982,6905.2,0,82.53%,-5.0,1.5,49.19,🟡 黃燈 (中風險加強稽查)
工況_CASE_0611,6681.2,0,82.89%,-5.0,1.5,49.19,🟡 黃燈 (中風險加強稽查)
工況_CASE_0379,4485.2,1,71.81%,-5.0,1.5,49.18,🟡 黃燈 (中風險加強稽查)
工況_CASE_1017,9437.6,0,79.36%,-5.0,1.5,49.18,🟡 黃燈 (中風險加強稽查)
工況_CASE_0297,7894.0,0,81.14%,-5.0,1.5,49.18,🟡 黃燈 (中風險加強稽查)
工況_CASE_0813,8234.4,0,80.68%,-5.0,1.5,49.17,🟡 黃燈 (中風險加強稽查)
工況_CASE_0541,5449.4,0,84.82%,-5.0,1.5,49.17,🟡 黃燈 (中風險加強稽查)
工況_CASE_0720,6030.1,0,83.74%,-5.0,1.5,49.16,🟡 黃燈 (中風險加強稽查)
工況_CASE_0088,8120.8,0,80.8%,-5.0,1.5,49.16,🟡 黃燈 (中風險加強稽查)
工況_CASE_0457,5661.8,0,84.32%,-5.0,1.5,49.15,🟡 黃燈 (中風險加強稽查)
工況_CASE_0865,3156.3,1,75.14%,-5.0,1.5,49.14,🟡 黃燈 (中風險加強稽查)
工況_CASE_0968,1375.9,1,83.36%,-5.0,1.5,49.13,🟡 黃燈 (中風險加強稽查)
工況_CASE_0802,5939.1,0,83.73%,-5.0,1.5,49.12,🟡 黃燈 (中風險加強稽查)
工況_CASE_0218,2817.2,1,76.07%,-5.0,1.5,49.1,🟡 黃燈 (中風險加強稽查)
工況_CASE_0060,5452.6,0,84.39%,-5.0,1.5,49.09,🟡 黃燈 (中風險加強稽查)
工況_CASE_0579,5857.6,0,83.62%,-5.0,1.5,49.08,🟡 黃燈 (中風險加強稽查)
工況_CASE_0474,6136.9,0,83.15%,-5.0,1.5,49.08,🟡 黃燈 (中風險加強稽查)
工況_CASE_0396,4481.5,0,86.33%,-5.0,1.5,49.08,🟡 黃燈 (中風險加強稽查)
工況_CASE_0879,4126.5,1,72.12%,-5.0,1.5,49.08,🟡 黃燈 (中風險加強稽查)
工況_CASE_0163,8004.7,0,80.53%,-5.0,1.5,49.08,🟡 黃燈 (中風險加強稽查)
工況_CASE_0598,5596.0,0,83.96%,-5.0,1.5,49.05,🟡 黃燈 (中風險加強稽查)
工況_CASE_0057,5519.8,0,84.07%,-5.0,1.5,49.05,🟡 黃燈 (中風險加強稽查)
工況_CASE_0672,10356.2,0,77.73%,-5.0,1.5,49.04,🟡 黃燈 (中風險加強稽查)
工況_CASE_1012,8405.4,0,79.78%,-5.0,1.5,49.03,🟡 黃燈 (中風險加強稽查)
工況_CASE_0676,3112.3,1,74.68%,-5.0,1.5,49.02,🟡 黃燈 (中風險加強稽查)
工況_CASE_0732,1918.4,1,79.49%,-5.0,1.5,49.02,🟡 黃燈 (中風險加強稽查)
工況_CASE_0584,7794.5,0,80.44%,-5.0,1.5,49.01,🟡 黃燈 (中風險加強稽查)
工況_CASE_0443,2512.3,1,76.69%,-5.0,1.5,49.0,🟡 黃燈 (中風險加強稽查)
工況_CASE_0465,7426.2,0,80.87%,-5.0,1.5,49.0,🟡 黃燈 (中風險加強稽查)
工況_CASE_1107,7401.1,0,80.86%,-5.0,1.5,48.99,🟡 黃燈 (中風險加強稽查)
工況_CASE_0951,5031.2,0,84.67%,-5.0,1.5,48.98,🟡 黃燈 (中風險加強稽查)
工況_CASE_0903,5963.7,0,82.89%,-5.0,1.5,48.97,🟡 黃燈 (中風險加強稽查)
工況_CASE_0986,5302.2,0,83.98%,-5.0,1.5,48.95,🟡 黃燈 (中風險加強稽查)
工況_CASE_0890,5307.7,0,83.99%,-5.0,1.5,48.95,🟡 黃燈 (中風險加強稽查)
工況_CASE_0024,6669.6,0,81.64%,-5.0,1.5,48.94,🟡 黃燈 (中風險加強稽查)
工況_CASE_0451,3392.7,0,88.35%,-5.0,1.5,48.93,🟡 黃燈 (中風險加強稽查)
工況_CASE_0784,5660.1,0,83.26%,-5.0,1.5,48.93,🟡 黃燈 (中風險加強稽查)
工況_CASE_0891,3428.0,1,73.25%,-5.0,1.5,48.93,🟡 黃燈 (中風險加強稽查)
工況_CASE_0117,7611.0,0,80.26%,-5.0,1.5,48.93,🟡 黃燈 (中風險加強稽查)
工況_CASE_0447,6267.6,0,82.23%,-5.0,1.5,48.93,🟡 黃燈 (中風險加強稽查)
工況_CASE_1072,5933.4,0,82.69%,-5.0,1.5,48.91,🟡 黃燈 (中風險加強稽查)
工況_CASE_0642,6771.6,0,81.31%,-5.0,1.5,48.9,🟡 黃燈 (中風險加強稽查)
工況_CASE_0633,2892.6,1,74.82%,-5.0,1.5,48.9,🟡 黃燈 (中風險加強稽查)
工況_CASE_1032,4860.8,0,84.61%,-5.0,1.5,48.9,🟡 黃燈 (中風險加強稽查)
工況_CASE_0709,3808.7,0,87.03%,-5.0,1.5,48.9,🟡 黃燈 (中風險加強稽查)
工況_CASE_0882,5718.4,0,83.0%,-5.0,1.5,48.9,🟡 黃燈 (中風險加強稽查)
工況_CASE_0603,4625.7,0,85.09%,-5.0,1.5,48.9,🟡 黃燈 (中風險加強稽查)
工況_CASE_1014,4453.8,0,85.43%,-5.0,1.5,48.89,🟡 黃燈 (中風險加強稽查)
工況_CASE_0855,3928.4,1,71.62%,-5.0,1.5,48.88,🟡 黃燈 (中風險加強稽查)
工況_CASE_0438,7794.8,0,79.78%,-5.0,1.5,48.88,🟡 黃燈 (中風險加強稽查)
工況_CASE_0887,5151.9,0,83.87%,-5.0,1.5,48.87,🟡 黃燈 (中風險加強稽查)
工況_CASE_1085,4177.1,0,85.93%,-5.0,1.5,48.86,🟡 黃燈 (中風險加強稽查)
工況_CASE_1061,3102.2,0,88.89%,-5.0,1.5,48.86,🟡 黃燈 (中風險加強稽查)
工況_CASE_0608,4392.7,1,70.38%,-5.0,1.5,48.85,🟡 黃燈 (中風險加強稽查)
工況_CASE_1052,5662.7,0,82.82%,-5.0,1.5,48.85,🟡 黃燈 (中風險加強稽查)
工況_CASE_0121,2988.0,1,74.09%,-5.0,1.5,48.82,🟡 黃燈 (中風險加強稽查)
工況_CASE_1037,6536.4,0,81.23%,-5.0,1.5,48.82,🟡 黃燈 (中風險加強稽查)
工況_CASE_0105,5227.0,0,83.47%,-5.0,1.5,48.82,🟡 黃燈 (中風險加強稽查)
工況_CASE_0417,4511.7,0,84.98%,-5.0,1.5,48.82,🟡 黃燈 (中風險加強稽查)
工況_CASE_0130,3671.5,0,86.96%,-5.0,1.5,48.81,🟡 黃燈 (中風險加強稽查)
工況_CASE_1013,7493.8,0,79.85%,-5.0,1.5,48.81,🟡 黃燈 (中風險加強稽查)
工況_CASE_0605,6159.3,0,81.79%,-5.0,1.5,48.81,🟡 黃燈 (中風險加強稽查)
工況_CASE_0657,7152.0,0,80.26%,-5.0,1.5,48.8,🟡 黃燈 (中風險加強稽查)
工況_CASE_0554,5379.7,0,83.04%,-5.0,1.5,48.79,🟡 黃燈 (中風險加強稽查)
工況_CASE_0764,1512.3,1,80.75%,-5.0,1.5,48.79,🟡 黃燈 (中風險加強稽查)
工況_CASE_0179,6153.1,0,81.71%,-5.0,1.5,48.79,🟡 黃燈 (中風險加強稽查)
工況_CASE_0399,5763.9,0,82.31%,-5.0,1.5,48.78,🟡 黃燈 (中風險加強稽查)
工況_CASE_0932,4448.6,0,84.86%,-5.0,1.5,48.77,🟡 黃燈 (中風險加強稽查)
工況_CASE_0290,6637.0,0,80.83%,-5.0,1.5,48.77,🟡 黃燈 (中風險加強稽查)
工況_CASE_0015,6476.9,0,81.01%,-5.0,1.5,48.76,🟡 黃燈 (中風險加強稽查)
工況_CASE_0707,7252.1,0,79.9%,-5.0,1.5,48.76,🟡 黃燈 (中風險加強稽查)
工況_CASE_1015,8125.8,0,78.79%,-5.0,1.5,48.76,🟡 黃燈 (中風險加強稽查)
工況_CASE_0955,5343.7,0,82.92%,-5.0,1.5,48.75,🟡 黃燈 (中風險加強稽查)
工況_CASE_0087,4056.1,0,85.6%,-5.0,1.5,48.74,🟡 黃燈 (中風險加強稽查)
工況_CASE_0422,3229.7,0,87.92%,-5.0,1.5,48.74,🟡 黃燈 (中風險加強稽查)
工況_CASE_0841,4988.8,0,83.5%,-5.0,1.5,48.73,🟡 黃燈 (中風險加強稽查)
工況_CASE_0703,5507.5,0,82.5%,-5.0,1.5,48.73,🟡 黃燈 (中風險加強稽查)
工況_CASE_0686,8782.8,0,77.85%,-5.0,1.5,48.73,🟡 黃燈 (中風險加強稽查)
工況_CASE_0073,3306.4,1,72.58%,-5.0,1.5,48.72,🟡 黃燈 (中風險加強稽查)
工況_CASE_0017,4078.7,0,85.44%,-5.0,1.5,48.72,🟡 黃燈 (中風險加強稽查)
工況_CASE_0118,4521.6,0,84.43%,-5.0,1.5,48.72,🟡 黃燈 (中風險加強稽查)
工況_CASE_0308,9619.4,0,76.84%,-5.0,1.5,48.71,🟡 黃燈 (中風險加強稽查)
工況_CASE_0282,1884.1,1,78.16%,-5.0,1.5,48.71,🟡 黃燈 (中風險加強稽查)
工況_CASE_0745,2308.3,1,76.06%,-5.0,1.5,48.7,🟡 黃燈 (中風險加強稽查)
工況_CASE_0726,5060.4,0,83.2%,-5.0,1.5,48.7,🟡 黃燈 (中風險加強稽查)
工況_CASE_0023,2787.3,1,74.18%,-5.0,1.5,48.7,🟡 黃燈 (中風險加強稽查)
工況_CASE_1092,5359.7,0,82.59%,-5.0,1.5,48.69,🟡 黃燈 (中風險加強稽查)
工況_CASE_0497,7393.1,0,79.36%,-5.0,1.5,48.69,🟡 黃燈 (中風險加強稽查)
工況_CASE_0786,5075.7,0,83.08%,-5.0,1.5,48.68,🟡 黃燈 (中風險加強稽查)
工況_CASE_0625,7214.2,0,79.56%,-5.0,1.5,48.68,🟡 黃燈 (中風險加強稽查)
工況_CASE_0228,5433.7,0,82.37%,-5.0,1.5,48.67,🟡 黃燈 (中風險加強稽查)
工況_CASE_0153,5240.6,0,82.73%,-5.0,1.5,48.67,🟡 黃燈 (中風險加強稽查)
工況_CASE_0928,5722.9,0,81.85%,-5.0,1.5,48.67,🟡 黃燈 (中風險加強稽查)
工況_CASE_1011,4442.2,0,84.38%,-5.0,1.5,48.67,🟡 黃燈 (中風險加強稽查)
工況_CASE_1087,5380.8,0,82.4%,-5.0,1.5,48.66,🟡 黃燈 (中風險加強稽查)
工況_CASE_0259,3954.6,0,85.4%,-5.0,1.5,48.65,🟡 黃燈 (中風險加強稽查)
工況_CASE_0853,2941.3,1,73.39%,-5.0,1.5,48.65,🟡 黃燈 (中風險加強稽查)
工況_CASE_0972,8537.5,0,77.7%,-5.0,1.5,48.64,🟡 黃燈 (中風險加強稽查)
工況_CASE_0592,1338.5,1,81.16%,-5.0,1.5,48.63,🟡 黃燈 (中風險加強稽查)
工況_CASE_0641,3691.8,1,71.0%,-5.0,1.5,48.63,🟡 黃燈 (中風險加強稽查)
工況_CASE_0249,2185.0,1,76.27%,-5.0,1.5,48.63,🟡 黃燈 (中風險加強稽查)
工況_CASE_0520,6158.9,0,80.9%,-5.0,1.5,48.63,🟡 黃燈 (中風險加強稽查)
工況_CASE_0285,4851.1,0,83.26%,-5.0,1.5,48.63,🟡 黃燈 (中風險加強稽查)
工況_CASE_0502,1801.7,1,78.12%,-5.0,1.5,48.62,🟡 黃燈 (中風險加強稽查)
工況_CASE_0610,4003.3,0,85.12%,-5.0,1.5,48.61,🟡 黃燈 (中風險加強稽查)
工況_CASE_0655,4679.7,0,83.51%,-5.0,1.5,48.61,🟡 黃燈 (中風險加強稽查)
工況_CASE_0916,5225.1,0,82.38%,-5.0,1.5,48.6,🟡 黃燈 (中風險加強稽查)
工況_CASE_0371,9150.5,0,76.71%,-5.0,1.5,48.59,🟡 黃燈 (中風險加強稽查)
工況_CASE_0508,3395.0,0,86.65%,-5.0,1.5,48.59,🟡 黃燈 (中風險加強稽查)
工況_CASE_0075,5346.4,0,82.08%,-5.0,1.5,48.59,🟡 黃燈 (中風險加強稽查)
工況_CASE_0589,6766.2,0,79.77%,-5.0,1.5,48.59,🟡 黃燈 (中風險加強稽查)
工況_CASE_0289,5859.2,0,81.2%,-5.0,1.5,48.59,🟡 黃燈 (中風險加強稽查)
工況_CASE_0573,1874.9,1,77.51%,-5.0,1.5,48.58,🟡 黃燈 (中風險加強稽查)
工況_CASE_0458,2654.8,1,73.99%,-5.0,1.5,48.57,🟡 黃燈 (中風險加強稽查)
工況_CASE_1022,5135.0,0,82.38%,-5.0,1.5,48.56,🟡 黃燈 (中風險加強稽查)
工況_CASE_0083,4369.5,0,83.95%,-5.0,1.5,48.56,🟡 黃燈 (中風險加強稽查)
工況_CASE_0048,4013.1,0,84.77%,-5.0,1.5,48.55,🟡 黃燈 (中風險加強稽查)
工況_CASE_0148,5551.3,0,81.55%,-5.0,1.5,48.55,🟡 黃燈 (中風險加強稽查)
工況_CASE_0715,6187.1,1,65.46%,-5.0,1.5,48.55,🟡 黃燈 (中風險加強稽查)
工況_CASE_0960,3101.2,0,87.33%,-5.0,1.5,48.55,🟡 黃燈 (中風險加強稽查)
工況_CASE_0680,3026.4,0,87.57%,-5.0,1.5,48.54,🟡 黃燈 (中風險加強稽查)
工況_CASE_0162,6772.1,0,79.47%,-5.0,1.5,48.54,🟡 黃燈 (中風險加強稽查)
工況_CASE_0139,9306.4,0,76.32%,-5.0,1.5,48.54,🟡 黃燈 (中風險加強稽查)
工況_CASE_0866,5175.2,0,82.14%,-5.0,1.5,48.53,🟡 黃燈 (中風險加強稽查)
工況_CASE_0079,2244.7,1,75.47%,-5.0,1.5,48.53,🟡 黃燈 (中風險加強稽查)
工況_CASE_0177,4449.9,1,68.65%,-5.0,1.5,48.53,🟡 黃燈 (中風險加強稽查)
工況_CASE_0556,7294.8,0,78.64%,-5.0,1.5,48.52,🟡 黃燈 (中風險加強稽查)
工況_CASE_0194,5474.6,0,81.52%,-5.0,1.5,48.52,🟡 黃燈 (中風險加強稽查)
工況_CASE_0134,5985.4,0,80.6%,-5.0,1.5,48.51,🟡 黃燈 (中風險加強稽查)
工況_CASE_0747,6701.8,0,79.47%,-5.0,1.5,48.51,🟡 黃燈 (中風險加強稽查)
工況_CASE_1058,4889.6,0,82.58%,-5.0,1.5,48.51,🟡 黃燈 (中風險加強稽查)
工況_CASE_1010,4171.8,0,84.19%,-5.0,1.5,48.51,🟡 黃燈 (中風險加強稽查)
工況_CASE_0878,5633.1,0,81.11%,-5.0,1.5,48.49,🟡 黃燈 (中風險加強稽查)
工況_CASE_0844,4879.4,0,82.43%,-5.0,1.5,48.47,🟡 黃燈 (中風險加強稽查)
工況_CASE_1067,2263.4,0,90.09%,-5.0,1.5,48.47,🟡 黃燈 (中風險加強稽查)
工況_CASE_0238,6608.9,0,79.37%,-5.0,1.5,48.47,🟡 黃燈 (中風險加強稽查)
工況_CASE_0348,6795.8,0,79.12%,-5.0,1.5,48.47,🟡 黃燈 (中風險加強稽查)
工況_CASE_0166,4987.6,0,82.17%,-5.0,1.5,48.46,🟡 黃燈 (中風險加強稽查)
工況_CASE_0600,5383.0,0,81.36%,-5.0,1.5,48.46,🟡 黃燈 (中風險加強稽查)
工況_CASE_0010,3799.5,0,84.89%,-5.0,1.5,48.46,🟡 黃燈 (中風險加強稽查)
工況_CASE_0217,5363.7,0,81.4%,-5.0,1.5,48.45,🟡 黃燈 (中風險加強稽查)
工況_CASE_0566,5707.0,0,80.76%,-5.0,1.5,48.45,🟡 黃燈 (中風險加強稽查)
工況_CASE_0974,4587.0,0,82.96%,-5.0,1.5,48.45,🟡 黃燈 (中風險加強稽查)
工況_CASE_0731,6658.9,0,79.19%,-5.0,1.5,48.45,🟡 黃燈 (中風險加強稽查)
工況_CASE_0792,5095.9,0,81.82%,-5.0,1.5,48.44,🟡 黃燈 (中風險加強稽查)
工況_CASE_1104,7928.9,0,77.35%,-5.0,1.5,48.43,🟡 黃燈 (中風險加強稽查)
工況_CASE_0895,3900.9,0,84.45%,-5.0,1.5,48.43,🟡 黃燈 (中風險加強稽查)
工況_CASE_0923,6716.9,0,78.98%,-5.0,1.5,48.42,🟡 黃燈 (中風險加強稽查)
工況_CASE_0875,6144.1,0,79.85%,-5.0,1.5,48.42,🟡 黃燈 (中風險加強稽查)
工況_CASE_0594,6530.8,0,79.2%,-5.0,1.5,48.41,🟡 黃燈 (中風險加強稽查)
工況_CASE_0350,6011.0,0,80.01%,-5.0,1.5,48.41,🟡 黃燈 (中風險加強稽查)
工況_CASE_0261,2439.1,0,88.93%,-5.0,1.5,48.39,🟡 黃燈 (中風險加強稽查)
工況_CASE_0688,4795.7,0,82.2%,-5.0,1.5,48.39,🟡 黃燈 (中風險加強稽查)
工況_CASE_0733,5119.9,0,81.54%,-5.0,1.5,48.39,🟡 黃燈 (中風險加強稽查)
工況_CASE_0109,3821.3,0,84.4%,-5.0,1.5,48.38,🟡 黃燈 (中風險加強稽查)
工況_CASE_1108,6464.5,0,79.09%,-5.0,1.5,48.37,🟡 黃燈 (中風險加強稽查)
工況_CASE_1064,3327.8,1,70.73%,-5.0,1.5,48.37,🟡 黃燈 (中風險加強稽查)
工況_CASE_0992,5577.3,0,80.53%,-5.0,1.5,48.36,🟡 黃燈 (中風險加強稽查)
工況_CASE_0744,3283.1,0,85.78%,-5.0,1.5,48.35,🟡 黃燈 (中風險加強稽查)
工況_CASE_1023,7435.9,0,77.59%,-5.0,1.5,48.35,🟡 黃燈 (中風險加強稽查)
工況_CASE_0052,6241.1,0,79.35%,-5.0,1.5,48.35,🟡 黃燈 (中風險加強稽查)
工況_CASE_0783,4532.0,0,82.49%,-5.0,1.5,48.34,🟡 黃燈 (中風險加強稽查)
工況_CASE_0572,5494.2,0,80.59%,-5.0,1.5,48.34,🟡 黃燈 (中風險加強稽查)
工況_CASE_0039,4677.4,0,82.18%,-5.0,1.5,48.34,🟡 黃燈 (中風險加強稽查)
工況_CASE_0542,8362.2,0,76.4%,-5.0,1.5,48.34,🟡 黃燈 (中風險加強稽查)
工況_CASE_0667,2819.2,0,87.21%,-5.0,1.5,48.33,🟡 黃燈 (中風險加強稽查)
工況_CASE_0751,5177.3,0,81.14%,-5.0,1.5,48.33,🟡 黃燈 (中風險加強稽查)
工況_CASE_0278,5190.6,0,81.05%,-5.0,1.5,48.32,🟡 黃燈 (中風險加強稽查)
工況_CASE_0235,2420.1,1,73.68%,-5.0,1.5,48.32,🟡 黃燈 (中風險加強稽查)
工況_CASE_0998,1595.6,1,77.84%,-5.0,1.5,48.32,🟡 黃燈 (中風險加強稽查)
工況_CASE_1082,7307.1,0,77.56%,-5.0,1.5,48.31,🟡 黃燈 (中風險加強稽查)
工況_CASE_0937,3790.5,1,69.13%,-5.0,1.5,48.31,🟡 黃燈 (中風險加強稽查)
工況_CASE_0044,5679.6,0,80.12%,-5.0,1.5,48.31,🟡 黃燈 (中風險加強稽查)
工況_CASE_0800,6237.0,0,79.12%,-5.0,1.5,48.3,🟡 黃燈 (中風險加強稽查)
工況_CASE_0178,3747.0,1,69.2%,-5.0,1.5,48.3,🟡 黃燈 (中風險加強稽查)
工況_CASE_0288,4092.5,0,83.32%,-5.0,1.5,48.3,🟡 黃燈 (中風險加強稽查)
工況_CASE_0450,5628.8,0,80.15%,-5.0,1.5,48.3,🟡 黃燈 (中風險加強稽查)
工況_CASE_0964,4061.7,0,83.38%,-5.0,1.5,48.3,🟡 黃燈 (中風險加強稽查)
工況_CASE_0718,7290.8,0,77.5%,-5.0,1.5,48.29,🟡 黃燈 (中風險加強稽查)
工況_CASE_1018,806.6,1,84.48%,-5.0,1.5,48.28,🟡 黃燈 (中風險加強稽查)
工況_CASE_0305,4930.6,0,81.33%,-5.0,1.5,48.27,🟡 黃燈 (中風險加強稽查)
工況_CASE_0588,4279.1,0,82.71%,-5.0,1.5,48.27,🟡 黃燈 (中風險加強稽查)
工況_CASE_0518,6113.6,0,79.11%,-5.0,1.5,48.26,🟡 黃燈 (中風險加強稽查)
工況_CASE_0912,4438.0,0,82.28%,-5.0,1.5,48.25,🟡 黃燈 (中風險加強稽查)
工況_CASE_0029,4560.7,0,81.94%,-5.0,1.5,48.24,🟡 黃燈 (中風險加強稽查)
工況_CASE_0359,4095.4,1,68.04%,-5.0,1.5,48.24,🟡 黃燈 (中風險加強稽查)
工況_CASE_0794,5325.5,0,80.36%,-5.0,1.5,48.23,🟡 黃燈 (中風險加強稽查)
工況_CASE_0377,5076.0,0,80.76%,-5.0,1.5,48.22,🟡 黃燈 (中風險加強稽查)
工況_CASE_0242,5001.4,0,80.95%,-5.0,1.5,48.22,🟡 黃燈 (中風險加強稽查)
工況_CASE_0043,4615.3,0,81.66%,-5.0,1.5,48.21,🟡 黃燈 (中風險加強稽查)
工況_CASE_0456,3756.4,0,83.66%,-5.0,1.5,48.2,🟡 黃燈 (中風險加強稽查)
工況_CASE_0626,5505.9,0,79.84%,-5.0,1.5,48.2,🟡 黃燈 (中風險加強稽查)
工況_CASE_0599,9125.0,0,74.82%,-5.0,1.5,48.2,🟡 黃燈 (中風險加強稽查)
工況_CASE_0400,4393.4,0,82.06%,-5.0,1.5,48.19,🟡 黃燈 (中風險加強稽查)
工況_CASE_0293,6876.6,0,77.58%,-5.0,1.5,48.19,🟡 黃燈 (中風險加強稽查)
工況_CASE_0818,4267.5,0,82.38%,-5.0,1.5,48.19,🟡 黃燈 (中風險加強稽查)
工況_CASE_1086,5821.5,0,79.22%,-5.0,1.5,48.18,🟡 黃燈 (中風險加強稽查)
工況_CASE_0257,6186.2,0,78.61%,-5.0,1.5,48.18,🟡 黃燈 (中風險加強稽查)
工況_CASE_0540,3365.6,1,69.69%,-5.0,1.5,48.18,🟡 黃燈 (中風險加強稽查)
工況_CASE_0300,7446.3,0,76.74%,-5.0,1.5,48.18,🟡 黃燈 (中風險加強稽查)
工況_CASE_0470,9311.5,0,74.5%,-5.0,1.5,48.18,🟡 黃燈 (中風險加強稽查)
工況_CASE_0929,7192.9,0,77.03%,-5.0,1.5,48.17,🟡 黃燈 (中風險加強稽查)
工況_CASE_0113,4958.2,0,80.74%,-5.0,1.5,48.17,🟡 黃燈 (中風險加強稽查)
工況_CASE_1096,2861.4,1,71.22%,-5.0,1.5,48.16,🟡 黃燈 (中風險加強稽查)
工況_CASE_0872,4570.2,0,81.54%,-5.0,1.5,48.16,🟡 黃燈 (中風險加強稽查)
工況_CASE_0630,6777.3,0,77.52%,-5.0,1.5,48.15,🟡 黃燈 (中風險加強稽查)
工況_CASE_0135,6380.3,0,78.15%,-5.0,1.5,48.15,🟡 黃燈 (中風險加強稽查)
工況_CASE_0812,1919.5,0,90.07%,-5.0,1.5,48.14,🟡 黃燈 (中風險加強稽查)
工況_CASE_0244,4770.3,0,80.93%,-5.0,1.5,48.13,🟡 黃燈 (中風險加強稽查)
工況_CASE_0568,5710.0,0,79.05%,-5.0,1.5,48.11,🟡 黃燈 (中風險加強稽查)
工況_CASE_0347,8693.3,0,74.81%,-5.0,1.5,48.1,🟡 黃燈 (中風險加強稽查)
工況_CASE_0446,9445.4,0,73.97%,-5.0,1.5,48.1,🟡 黃燈 (中風險加強稽查)
工況_CASE_0213,5653.9,0,79.06%,-5.0,1.5,48.09,🟡 黃燈 (中風險加強稽查)
工況_CASE_0389,6087.2,0,78.3%,-5.0,1.5,48.09,🟡 黃燈 (中風險加強稽查)
工況_CASE_0008,3741.1,0,83.15%,-5.0,1.5,48.08,🟡 黃燈 (中風險加強稽查)
工況_CASE_1002,4241.2,0,81.82%,-5.0,1.5,48.07,🟡 黃燈 (中風險加強稽查)
工況_CASE_0329,4665.8,0,80.89%,-5.0,1.5,48.07,🟡 黃燈 (中風險加強稽查)
工況_CASE_0762,5384.6,0,79.42%,-5.0,1.5,48.07,🟡 黃燈 (中風險加強稽查)
工況_CASE_0256,8292.8,0,75.12%,-5.0,1.5,48.07,🟡 黃燈 (中風險加強稽查)
工況_CASE_0444,6605.8,0,77.35%,-5.0,1.5,48.06,🟡 黃燈 (中風險加強稽查)
工況_CASE_0770,4524.6,0,81.12%,-5.0,1.5,48.06,🟡 黃燈 (中風險加強稽查)
工況_CASE_0586,7323.9,0,76.32%,-5.0,1.5,48.06,🟡 黃燈 (中風險加強稽查)
工況_CASE_0019,3646.2,0,83.22%,-5.0,1.5,48.05,🟡 黃燈 (中風險加強稽查)
工況_CASE_0243,5027.9,0,80.04%,-5.0,1.5,48.05,🟡 黃燈 (中風險加強稽查)
工況_CASE_0030,3421.5,0,83.88%,-5.0,1.5,48.05,🟡 黃燈 (中風險加強稽查)
工況_CASE_0665,4737.5,0,80.54%,-5.0,1.5,48.04,🟡 黃燈 (中風險加強稽查)
工況_CASE_0276,7682.6,0,75.74%,-5.0,1.5,48.04,🟡 黃燈 (中風險加強稽查)
工況_CASE_0473,5163.7,0,79.66%,-5.0,1.5,48.03,🟡 黃燈 (中風險加強稽查)
工況_CASE_0788,6683.1,0,77.07%,-5.0,1.5,48.03,🟡 黃燈 (中風險加強稽查)
工況_CASE_0388,5647.6,0,78.7%,-5.0,1.5,48.02,🟡 黃燈 (中風險加強稽查)
工況_CASE_0197,3674.8,0,83.01%,-5.0,1.5,48.02,🟡 黃燈 (中風險加強稽查)
工況_CASE_0728,4641.6,0,80.57%,-5.0,1.5,48.0,🟡 黃燈 (中風險加強稽查)
工況_CASE_0959,3606.5,0,83.07%,-5.0,1.5,47.99,🟡 黃燈 (中風險加強稽查)
工況_CASE_0357,6681.3,0,76.89%,-5.0,1.5,47.99,🟡 黃燈 (中風險加強稽查)
工況_CASE_0854,7435.5,0,75.81%,-5.0,1.5,47.99,🟡 黃燈 (中風險加強稽查)
工況_CASE_0296,4477.9,0,80.83%,-5.0,1.5,47.98,🟡 黃燈 (中風險加強稽查)
工況_CASE_1033,3786.3,0,82.45%,-5.0,1.5,47.97,🟡 黃燈 (中風險加強稽查)
工況_CASE_0532,3755.2,0,82.55%,-5.0,1.5,47.97,🟡 黃燈 (中風險加強稽查)
工況_CASE_0401,4856.8,0,79.97%,-5.0,1.5,47.97,🟡 黃燈 (中風險加強稽查)
工況_CASE_0859,4173.1,0,81.46%,-5.0,1.5,47.96,🟡 黃燈 (中風險加強稽查)
工況_CASE_0104,4595.1,0,80.46%,-5.0,1.5,47.96,🟡 黃燈 (中風險加強稽查)
工況_CASE_0314,5687.2,0,78.27%,-5.0,1.5,47.95,🟡 黃燈 (中風險加強稽查)
工況_CASE_0372,4261.0,0,81.18%,-5.0,1.5,47.95,🟡 黃燈 (中風險加強稽查)
工況_CASE_0176,3527.2,0,83.05%,-5.0,1.5,47.95,🟡 黃燈 (中風險加強稽查)
工況_CASE_1029,3725.4,0,82.45%,-5.0,1.5,47.94,🟡 黃燈 (中風險加強稽查)
工況_CASE_0338,4274.1,0,81.03%,-5.0,1.5,47.93,🟡 黃燈 (中風險加強稽查)
工況_CASE_0500,3250.4,1,68.78%,-5.0,1.5,47.93,🟡 黃燈 (中風險加強稽查)
工況_CASE_0507,4269.4,0,81.08%,-5.0,1.5,47.93,🟡 黃燈 (中風險加強稽查)
工況_CASE_0091,949.7,1,81.09%,-5.0,1.5,47.93,🟡 黃燈 (中風險加強稽查)
工況_CASE_0129,2103.8,1,73.12%,-5.0,1.5,47.93,🟡 黃燈 (中風險加強稽查)
工況_CASE_0944,3558.7,0,82.8%,-5.0,1.5,47.92,🟢 綠燈 (低風險常態施工)
工況_CASE_0212,7103.2,0,75.94%,-5.0,1.5,47.92,🟢 綠燈 (低風險常態施工)
工況_CASE_0806,2311.8,1,72.14%,-5.0,1.5,47.92,🟢 綠燈 (低風險常態施工)
工況_CASE_0561,6027.2,0,77.49%,-5.0,1.5,47.91,🟢 綠燈 (低風險常態施工)
工況_CASE_0207,5675.2,0,78.1%,-5.0,1.5,47.91,🟢 綠燈 (低風險常態施工)
工況_CASE_1075,5144.1,0,79.1%,-5.0,1.5,47.91,🟢 綠燈 (低風險常態施工)
工況_CASE_0363,4558.1,0,80.29%,-5.0,1.5,47.91,🟢 綠燈 (低風險常態施工)
工況_CASE_0847,5984.0,0,77.53%,-5.0,1.5,47.9,🟢 綠燈 (低風險常態施工)
工況_CASE_0652,4590.1,0,80.19%,-5.0,1.5,47.9,🟢 綠燈 (低風險常態施工)
工況_CASE_0569,6827.2,0,76.14%,-5.0,1.5,47.89,🟢 綠燈 (低風險常態施工)
工況_CASE_0793,9048.6,0,73.34%,-5.0,1.5,47.89,🟢 綠燈 (低風險常態施工)
工況_CASE_0877,4952.9,0,79.29%,-5.0,1.5,47.87,🟢 綠燈 (低風險常態施工)
工況_CASE_1078,5259.0,0,78.65%,-5.0,1.5,47.87,🟢 綠燈 (低風險常態施工)
工況_CASE_0337,4107.1,0,81.13%,-5.0,1.5,47.87,🟢 綠燈 (低風險常態施工)
工況_CASE_0182,4626.2,0,79.92%,-5.0,1.5,47.86,🟢 綠燈 (低風險常態施工)
工況_CASE_0617,4070.8,0,81.16%,-5.0,1.5,47.86,🟢 綠燈 (低風險常態施工)
工況_CASE_0494,6726.2,0,76.17%,-5.0,1.5,47.86,🟢 綠燈 (低風險常態施工)
工況_CASE_1044,5650.0,0,77.93%,-5.0,1.5,47.86,🟢 綠燈 (低風險常態施工)
工況_CASE_0832,5960.6,0,77.31%,-5.0,1.5,47.85,🟢 綠燈 (低風險常態施工)
工況_CASE_0874,5087.6,0,78.88%,-5.0,1.5,47.85,🟢 綠燈 (低風險常態施工)
工況_CASE_0739,5784.8,0,77.61%,-5.0,1.5,47.85,🟢 綠燈 (低風險常態施工)
工況_CASE_0037,5010.2,0,78.98%,-5.0,1.5,47.84,🟢 綠燈 (低風險常態施工)
工況_CASE_0108,4027.1,0,81.19%,-5.0,1.5,47.84,🟢 綠燈 (低風險常態施工)
工況_CASE_1001,4087.8,0,81.06%,-5.0,1.5,47.84,🟢 綠燈 (低風險常態施工)
工況_CASE_0437,3797.3,0,81.76%,-5.0,1.5,47.84,🟢 綠燈 (低風險常態施工)
工況_CASE_0604,5065.4,0,78.82%,-5.0,1.5,47.83,🟢 綠燈 (低風險常態施工)
工況_CASE_0671,4933.5,0,79.12%,-5.0,1.5,47.83,🟢 綠燈 (低風險常態施工)
工況_CASE_0378,3995.5,0,81.21%,-5.0,1.5,47.83,🟢 綠燈 (低風險常態施工)
工況_CASE_0358,4446.2,0,80.03%,-5.0,1.5,47.81,🟢 綠燈 (低風險常態施工)
工況_CASE_0340,5734.2,0,77.53%,-5.0,1.5,47.81,🟢 綠燈 (低風險常態施工)
工況_CASE_0644,2971.2,0,84.07%,-5.0,1.5,47.81,🟢 綠燈 (低風險常態施工)
工況_CASE_0101,4119.9,0,80.81%,-5.0,1.5,47.81,🟢 綠燈 (低風險常態施工)
工況_CASE_0132,4395.4,0,80.13%,-5.0,1.5,47.8,🟢 綠燈 (低風險常態施工)
工況_CASE_0648,4788.9,0,79.24%,-5.0,1.5,47.8,🟢 綠燈 (低風險常態施工)
工況_CASE_0799,4373.9,0,80.15%,-5.0,1.5,47.8,🟢 綠燈 (低風險常態施工)
工況_CASE_0086,4170.9,0,80.56%,-5.0,1.5,47.78,🟢 綠燈 (低風險常態施工)
工況_CASE_0567,4799.7,0,79.14%,-5.0,1.5,47.78,🟢 綠燈 (低風險常態施工)
工況_CASE_0661,4033.9,0,80.89%,-5.0,1.5,47.78,🟢 綠燈 (低風險常態施工)
工況_CASE_1097,3888.9,0,81.18%,-5.0,1.5,47.77,🟢 綠燈 (低風險常態施工)
工況_CASE_0295,5444.3,0,77.76%,-5.0,1.5,47.76,🟢 綠燈 (低風險常態施工)
工況_CASE_0407,7216.4,0,74.96%,-5.0,1.5,47.76,🟢 綠燈 (低風險常態施工)
工況_CASE_1065,5705.0,0,77.31%,-5.0,1.5,47.76,🟢 綠燈 (低風險常態施工)
工況_CASE_0952,5444.5,0,77.76%,-5.0,1.5,47.76,🟢 綠燈 (低風險常態施工)
工況_CASE_0900,3611.3,0,81.81%,-5.0,1.5,47.75,🟢 綠燈 (低風險常態施工)
工況_CASE_0926,2807.2,0,84.35%,-5.0,1.5,47.75,🟢 綠燈 (低風險常態施工)
工況_CASE_0127,5489.9,0,77.62%,-5.0,1.5,47.75,🟢 綠燈 (低風險常態施工)
工況_CASE_0910,2926.0,0,83.88%,-5.0,1.5,47.74,🟢 綠燈 (低風險常態施工)
工況_CASE_0545,3871.5,0,81.08%,-5.0,1.5,47.74,🟢 綠燈 (低風險常態施工)
工況_CASE_0717,3454.2,0,82.19%,-5.0,1.5,47.73,🟢 綠燈 (低風險常態施工)
工況_CASE_0933,3786.6,0,81.21%,-5.0,1.5,47.72,🟢 綠燈 (低風險常態施工)
工況_CASE_0320,6768.2,0,75.4%,-5.0,1.5,47.72,🟢 綠燈 (低風險常態施工)
工況_CASE_0050,5018.3,0,78.33%,-5.0,1.5,47.71,🟢 綠燈 (低風險常態施工)
工況_CASE_0042,5204.7,0,77.99%,-5.0,1.5,47.71,🟢 綠燈 (低風險常態施工)
工況_CASE_0265,4272.8,0,79.87%,-5.0,1.5,47.69,🟢 綠燈 (低風險常態施工)
工況_CASE_0250,4276.2,0,79.81%,-5.0,1.5,47.68,🟢 綠燈 (低風險常態施工)
工況_CASE_0279,3848.7,0,80.77%,-5.0,1.5,47.66,🟢 綠燈 (低風險常態施工)
工況_CASE_0782,2660.0,0,84.4%,-5.0,1.5,47.65,🟢 綠燈 (低風險常態施工)
工況_CASE_0188,7791.5,0,73.61%,-5.0,1.5,47.64,🟢 綠燈 (低風險常態施工)
工況_CASE_0804,3407.7,0,81.85%,-5.0,1.5,47.64,🟢 綠燈 (低風險常態施工)
工況_CASE_0436,3061.6,0,82.91%,-5.0,1.5,47.64,🟢 綠燈 (低風險常態施工)
工況_CASE_0408,5553.1,0,76.9%,-5.0,1.5,47.63,🟢 綠燈 (低風險常態施工)
工況_CASE_0687,4052.3,0,80.08%,-5.0,1.5,47.63,🟢 綠燈 (低風險常態施工)
工況_CASE_0803,4126.6,0,79.83%,-5.0,1.5,47.62,🟢 綠燈 (低風險常態施工)
工況_CASE_0689,4823.3,0,78.31%,-5.0,1.5,47.62,🟢 綠燈 (低風險常態施工)
工況_CASE_0406,3257.7,0,82.17%,-5.0,1.5,47.61,🟢 綠燈 (低風險常態施工)
工況_CASE_0954,6853.2,0,74.66%,-5.0,1.5,47.6,🟢 綠燈 (低風險常態施工)
工況_CASE_0237,4508.5,0,78.79%,-5.0,1.5,47.59,🟢 綠燈 (低風險常態施工)
工況_CASE_0089,3539.3,0,81.24%,-5.0,1.5,47.59,🟢 綠燈 (低風險常態施工)
工況_CASE_0981,6125.8,0,75.76%,-5.0,1.5,47.59,🟢 綠燈 (低風險常態施工)
工況_CASE_0913,4566.0,0,78.61%,-5.0,1.5,47.58,🟢 綠燈 (低風險常態施工)
工況_CASE_0570,3947.8,0,80.09%,-5.0,1.5,47.58,🟢 綠燈 (低風險常態施工)
工況_CASE_0922,5867.0,0,76.13%,-5.0,1.5,47.58,🟢 綠燈 (低風險常態施工)
工況_CASE_0155,5664.6,0,76.41%,-5.0,1.5,47.57,🟢 綠燈 (低風險常態施工)
工況_CASE_0061,5586.1,0,76.59%,-5.0,1.5,47.57,🟢 綠燈 (低風險常態施工)
工況_CASE_0616,5744.9,0,76.21%,-5.0,1.5,47.55,🟢 綠燈 (低風險常態施工)
工況_CASE_0461,6077.5,0,75.55%,-5.0,1.5,47.54,🟢 綠燈 (低風險常態施工)
工況_CASE_1088,4946.3,0,77.59%,-5.0,1.5,47.53,🟢 綠燈 (低風險常態施工)
工況_CASE_0254,4298.6,0,79.01%,-5.0,1.5,47.53,🟢 綠燈 (低風險常態施工)
工況_CASE_0823,3991.6,0,79.75%,-5.0,1.5,47.53,🟢 綠燈 (低風險常態施工)
工況_CASE_0103,3037.0,0,82.47%,-5.0,1.5,47.53,🟢 綠燈 (低風險常態施工)
工況_CASE_0856,4135.5,0,79.34%,-5.0,1.5,47.52,🟢 綠燈 (低風險常態施工)
工況_CASE_0085,9629.3,0,70.82%,-5.0,1.5,47.51,🟢 綠燈 (低風險常態施工)
工況_CASE_0742,3747.6,0,80.23%,-5.0,1.5,47.51,🟢 綠燈 (低風險常態施工)
工況_CASE_0201,3696.3,0,80.39%,-5.0,1.5,47.51,🟢 綠燈 (低風險常態施工)
工況_CASE_0987,4068.4,0,79.4%,-5.0,1.5,47.5,🟢 綠燈 (低風險常態施工)
工況_CASE_0245,4934.5,0,77.44%,-5.0,1.5,47.5,🟢 綠燈 (低風險常態施工)
工況_CASE_0909,5947.3,0,75.53%,-5.0,1.5,47.49,🟢 綠燈 (低風險常態施工)
工況_CASE_0966,4805.3,0,77.64%,-5.0,1.5,47.48,🟢 綠燈 (低風險常態施工)
工況_CASE_0852,5139.5,0,76.96%,-5.0,1.5,47.48,🟢 綠燈 (低風險常態施工)
工況_CASE_0649,3776.5,0,79.97%,-5.0,1.5,47.47,🟢 綠燈 (低風險常態施工)
工況_CASE_0702,4939.7,0,77.32%,-5.0,1.5,47.47,🟢 綠燈 (低風險常態施工)
工況_CASE_0809,2577.7,0,83.81%,-5.0,1.5,47.47,🟢 綠燈 (低風險常態施工)
工況_CASE_1038,3698.3,0,80.17%,-5.0,1.5,47.47,🟢 綠燈 (低風險常態施工)
工況_CASE_0574,2779.2,0,82.99%,-5.0,1.5,47.46,🟢 綠燈 (低風險常態施工)
工況_CASE_0094,4331.5,0,78.57%,-5.0,1.5,47.46,🟢 綠燈 (低風險常態施工)
工況_CASE_0656,3227.6,0,81.5%,-5.0,1.5,47.46,🟢 綠燈 (低風險常態施工)
工況_CASE_1008,2628.3,1,68.55%,-5.0,1.5,47.46,🟢 綠燈 (低風險常態施工)
工況_CASE_1099,4813.2,0,77.51%,-5.0,1.5,47.46,🟢 綠燈 (低風險常態施工)
工況_CASE_0038,4209.0,0,78.71%,-5.0,1.5,47.43,🟢 綠燈 (低風險常態施工)
工況_CASE_0028,2162.5,0,85.37%,-5.0,1.5,47.43,🟢 綠燈 (低風險常態施工)
工況_CASE_0215,2042.8,0,85.88%,-5.0,1.5,47.42,🟢 綠燈 (低風險常態施工)
工況_CASE_0896,3619.2,0,80.18%,-5.0,1.5,47.42,🟢 綠燈 (低風險常態施工)
工況_CASE_0303,4159.6,0,78.75%,-5.0,1.5,47.42,🟢 綠燈 (低風險常態施工)
工況_CASE_0763,3911.8,0,79.34%,-5.0,1.5,47.41,🟢 綠燈 (低風險常態施工)
工況_CASE_0013,6645.1,0,74.05%,-5.0,1.5,47.41,🟢 綠燈 (低風險常態施工)
工況_CASE_0921,3149.2,0,81.43%,-5.0,1.5,47.4,🟢 綠燈 (低風險常態施工)
工況_CASE_0168,2797.5,0,82.6%,-5.0,1.5,47.39,🟢 綠燈 (低風險常態施工)
工況_CASE_0939,6303.0,0,74.47%,-5.0,1.5,47.39,🟢 綠燈 (低風險常態施工)
工況_CASE_0889,3473.4,0,80.35%,-5.0,1.5,47.38,🟢 綠燈 (低風險常態施工)
工況_CASE_0597,4330.4,0,78.14%,-5.0,1.5,47.38,🟢 綠燈 (低風險常態施工)
工況_CASE_0392,6614.6,0,73.93%,-5.0,1.5,47.38,🟢 綠燈 (低風險常態施工)
工況_CASE_0413,6277.5,0,74.44%,-5.0,1.5,47.38,🟢 綠燈 (低風險常態施工)
工況_CASE_0670,5116.7,0,76.43%,-5.0,1.5,47.37,🟢 綠燈 (低風險常態施工)
工況_CASE_0544,5362.2,0,75.98%,-5.0,1.5,47.37,🟢 綠燈 (低風險常態施工)
工況_CASE_0757,6244.4,0,74.46%,-5.0,1.5,47.37,🟢 綠燈 (低風險常態施工)
工況_CASE_0066,3264.7,0,80.89%,-5.0,1.5,47.36,🟢 綠燈 (低風險常態施工)
工況_CASE_0199,5519.4,0,75.64%,-5.0,1.5,47.36,🟢 綠燈 (低風險常態施工)
工況_CASE_0356,3518.3,0,80.09%,-5.0,1.5,47.35,🟢 綠燈 (低風險常態施工)
工況_CASE_0980,5808.2,0,75.05%,-5.0,1.5,47.34,🟢 綠燈 (低風險常態施工)
工況_CASE_0160,4132.7,0,78.45%,-5.0,1.5,47.34,🟢 綠燈 (低風險常態施工)
工況_CASE_0505,5064.0,0,76.39%,-5.0,1.5,47.34,🟢 綠燈 (低風險常態施工)
工況_CASE_0997,4017.7,0,78.73%,-5.0,1.5,47.34,🟢 綠燈 (低風險常態施工)
工況_CASE_0084,5330.0,0,75.88%,-5.0,1.5,47.34,🟢 綠燈 (低風險常態施工)
工況_CASE_0861,5065.6,0,76.36%,-5.0,1.5,47.33,🟢 綠燈 (低風險常態施工)
工況_CASE_0022,1983.7,0,85.66%,-5.0,1.5,47.32,🟢 綠燈 (低風險常態施工)
工況_CASE_0339,7390.1,0,72.54%,-5.0,1.5,47.32,🟢 綠燈 (低風險常態施工)
工況_CASE_0455,5068.2,0,76.31%,-5.0,1.5,47.32,🟢 綠燈 (低風險常態施工)
工況_CASE_1046,3720.0,0,79.33%,-5.0,1.5,47.31,🟢 綠燈 (低風險常態施工)
工況_CASE_0858,2629.1,0,82.76%,-5.0,1.5,47.3,🟢 綠燈 (低風險常態施工)
工況_CASE_0867,3906.6,0,78.8%,-5.0,1.5,47.3,🟢 綠燈 (低風險常態施工)
工況_CASE_0801,2499.2,0,83.18%,-5.0,1.5,47.28,🟢 綠燈 (低風險常態施工)
工況_CASE_0167,2391.1,0,83.51%,-5.0,1.5,47.26,🟢 綠燈 (低風險常態施工)
工況_CASE_0778,4588.5,0,76.91%,-5.0,1.5,47.24,🟢 綠燈 (低風險常態施工)
工況_CASE_0364,3247.4,0,80.35%,-5.0,1.5,47.24,🟢 綠燈 (低風險常態施工)
工況_CASE_0624,3067.4,0,80.91%,-5.0,1.5,47.24,🟢 綠燈 (低風險常態施工)
工況_CASE_0462,3170.1,0,80.56%,-5.0,1.5,47.24,🟢 綠燈 (低風險常態施工)
工況_CASE_0269,5391.7,0,75.27%,-5.0,1.5,47.24,🟢 綠燈 (低風險常態施工)
工況_CASE_0931,3399.9,0,79.84%,-5.0,1.5,47.23,🟢 綠燈 (低風險常態施工)
工況_CASE_0510,4097.2,0,77.98%,-5.0,1.5,47.23,🟢 綠燈 (低風險常態施工)
工況_CASE_0684,4698.8,0,76.59%,-5.0,1.5,47.23,🟢 綠燈 (低風險常態施工)
工況_CASE_0002,2776.2,0,81.75%,-5.0,1.5,47.21,🟢 綠燈 (低風險常態施工)
工況_CASE_0701,2540.9,0,82.64%,-5.0,1.5,47.21,🟢 綠燈 (低風險常態施工)
工況_CASE_0535,2608.2,0,82.38%,-5.0,1.5,47.21,🟢 綠燈 (低風險常態施工)
工況_CASE_0170,4106.6,0,77.78%,-5.0,1.5,47.2,🟢 綠燈 (低風險常態施工)
工況_CASE_1003,4937.1,0,75.91%,-5.0,1.5,47.19,🟢 綠燈 (低風險常態施工)
工況_CASE_0851,6367.1,0,73.33%,-5.0,1.5,47.18,🟢 綠燈 (低風險常態施工)
工況_CASE_0475,4650.1,0,76.38%,-5.0,1.5,47.17,🟢 綠燈 (低風險常態施工)
工況_CASE_1007,4838.8,0,75.99%,-5.0,1.5,47.17,🟢 綠燈 (低風險常態施工)
工況_CASE_0180,3055.5,0,80.55%,-5.0,1.5,47.16,🟢 綠燈 (低風險常態施工)
工況_CASE_0260,7631.5,0,71.39%,-5.0,1.5,47.16,🟢 綠燈 (低風險常態施工)
工況_CASE_1006,2147.2,0,84.06%,-5.0,1.5,47.16,🟢 綠燈 (低風險常態施工)
工況_CASE_0673,5319.7,0,75.02%,-5.0,1.5,47.16,🟢 綠燈 (低風險常態施工)
工況_CASE_0123,4975.5,0,75.67%,-5.0,1.5,47.16,🟢 綠燈 (低風險常態施工)
工況_CASE_0723,4947.0,0,75.75%,-5.0,1.5,47.16,🟢 綠燈 (低風險常態施工)
工況_CASE_1057,5648.1,0,74.42%,-5.0,1.5,47.16,🟢 綠燈 (低風險常態施工)
工況_CASE_1000,4237.0,0,77.26%,-5.0,1.5,47.15,🟢 綠燈 (低風險常態施工)
工況_CASE_0995,4588.3,0,76.42%,-5.0,1.5,47.15,🟢 綠燈 (低風險常態施工)
工況_CASE_1019,5433.6,0,74.67%,-5.0,1.5,47.14,🟢 綠燈 (低風險常態施工)
工況_CASE_0612,3869.4,0,78.1%,-5.0,1.5,47.14,🟢 綠燈 (低風險常態施工)
工況_CASE_0486,3872.7,0,78.1%,-5.0,1.5,47.14,🟢 綠燈 (低風險常態施工)
工況_CASE_1079,6113.1,0,73.48%,-5.0,1.5,47.13,🟢 綠燈 (低風險常態施工)
工況_CASE_0420,5241.0,0,75.01%,-5.0,1.5,47.13,🟢 綠燈 (低風險常態施工)
工況_CASE_1030,3570.9,0,78.85%,-5.0,1.5,47.13,🟢 綠燈 (低風險常態施工)
工況_CASE_0200,2721.7,0,81.5%,-5.0,1.5,47.12,🟢 綠燈 (低風險常態施工)
工況_CASE_0319,4646.1,0,76.17%,-5.0,1.5,47.12,🟢 綠燈 (低風險常態施工)
工況_CASE_0552,3313.5,0,79.48%,-5.0,1.5,47.11,🟢 綠燈 (低風險常態施工)
工況_CASE_0006,6632.9,0,72.54%,-5.0,1.5,47.11,🟢 綠燈 (低風險常態施工)
工況_CASE_0985,5482.6,0,74.4%,-5.0,1.5,47.1,🟢 綠燈 (低風險常態施工)
工況_CASE_0225,1442.6,0,87.64%,-5.0,1.5,47.08,🟢 綠燈 (低風險常態施工)
工況_CASE_0035,3595.9,0,78.52%,-5.0,1.5,47.08,🟢 綠燈 (低風險常態施工)
工況_CASE_0658,4201.8,0,76.89%,-5.0,1.5,47.07,🟢 綠燈 (低風險常態施工)
工況_CASE_0302,1636.4,1,71.36%,-5.0,1.5,47.07,🟢 綠燈 (低風險常態施工)
工況_CASE_0431,3492.1,0,78.75%,-5.0,1.5,47.07,🟢 綠燈 (低風險常態施工)
工況_CASE_0957,5926.4,0,73.32%,-5.0,1.5,47.04,🟢 綠燈 (低風險常態施工)
工況_CASE_0190,4083.8,0,77.03%,-5.0,1.5,47.04,🟢 綠燈 (低風險常態施工)
工況_CASE_0817,2495.2,0,81.98%,-5.0,1.5,47.04,🟢 綠燈 (低風險常態施工)
工況_CASE_0361,3066.0,0,79.92%,-5.0,1.5,47.04,🟢 綠燈 (低風險常態施工)
工況_CASE_0833,6300.9,0,72.64%,-5.0,1.5,47.03,🟢 綠燈 (低風險常態施工)
工況_CASE_0496,3011.8,0,80.0%,-5.0,1.5,47.02,🟢 綠燈 (低風險常態施工)
工況_CASE_0905,4540.4,0,75.9%,-5.0,1.5,47.02,🟢 綠燈 (低風險常態施工)
工況_CASE_0645,4507.9,0,75.94%,-5.0,1.5,47.02,🟢 綠燈 (低風險常態施工)
工況_CASE_1016,5523.9,0,73.88%,-5.0,1.5,47.01,🟢 綠燈 (低風險常態施工)
工況_CASE_0004,3838.2,0,77.53%,-5.0,1.5,47.01,🟢 綠燈 (低風險常態施工)
工況_CASE_0161,7116.8,0,71.36%,-5.0,1.5,47.01,🟢 綠燈 (低風險常態施工)
工況_CASE_0870,1850.0,0,84.79%,-5.0,1.5,47.0,🟢 綠燈 (低風險常態施工)
工況_CASE_0914,2164.8,0,83.16%,-5.0,1.5,46.99,🟢 綠燈 (低風險常態施工)
工況_CASE_0189,2202.9,0,82.97%,-5.0,1.5,46.99,🟢 綠燈 (低風險常態施工)
工況_CASE_0651,1990.6,0,83.96%,-5.0,1.5,46.98,🟢 綠燈 (低風險常態施工)
工況_CASE_0576,3383.2,0,78.58%,-5.0,1.5,46.97,🟢 綠燈 (低風險常態施工)
工況_CASE_0142,7065.2,0,71.11%,-5.0,1.5,46.95,🟢 綠燈 (低風險常態施工)
工況_CASE_0354,2938.6,0,79.91%,-5.0,1.5,46.95,🟢 綠燈 (低風險常態施工)
工況_CASE_0894,1769.3,1,69.98%,-5.0,1.5,46.95,🟢 綠燈 (低風險常態施工)
工況_CASE_0663,4462.9,0,75.7%,-5.0,1.5,46.95,🟢 綠燈 (低風險常態施工)
工況_CASE_0759,1892.5,0,84.25%,-5.0,1.5,46.94,🟢 綠燈 (低風險常態施工)
工況_CASE_0125,3349.0,0,78.55%,-5.0,1.5,46.94,🟢 綠燈 (低風險常態施工)
工況_CASE_0898,3601.5,0,77.7%,-5.0,1.5,46.92,🟢 綠燈 (低風險常態施工)
工況_CASE_0294,2189.7,0,82.66%,-5.0,1.5,46.92,🟢 綠燈 (低風險常態施工)
工況_CASE_0693,2612.1,0,80.87%,-5.0,1.5,46.91,🟢 綠燈 (低風險常態施工)
工況_CASE_0664,3223.7,0,78.62%,-5.0,1.5,46.88,🟢 綠燈 (低風險常態施工)
工況_CASE_0765,4542.8,0,75.19%,-5.0,1.5,46.88,🟢 綠燈 (低風險常態施工)
工況_CASE_0562,2777.2,0,79.9%,-5.0,1.5,46.84,🟢 綠燈 (低風險常態施工)
工況_CASE_0435,3035.0,0,79.03%,-5.0,1.5,46.84,🟢 綠燈 (低風險常態施工)
工況_CASE_0395,5153.6,0,73.74%,-5.0,1.5,46.84,🟢 綠燈 (低風險常態施工)
工況_CASE_0247,7492.2,0,69.79%,-5.0,1.5,46.8,🟢 綠燈 (低風險常態施工)
工況_CASE_0187,2925.5,0,79.21%,-5.0,1.5,46.8,🟢 綠燈 (低風險常態施工)
工況_CASE_0171,3939.5,0,76.19%,-5.0,1.5,46.8,🟢 綠燈 (低風險常態施工)
工況_CASE_0808,5813.0,0,72.26%,-5.0,1.5,46.79,🟢 綠燈 (低風險常態施工)
工況_CASE_0849,4042.3,0,75.84%,-5.0,1.5,46.78,🟢 綠燈 (低風險常態施工)
工況_CASE_1110,6345.9,0,71.33%,-5.0,1.5,46.78,🟢 綠燈 (低風險常態施工)
工況_CASE_0284,1474.3,0,85.88%,-5.0,1.5,46.77,🟢 綠燈 (低風險常態施工)
工況_CASE_0961,5699.3,0,72.33%,-5.0,1.5,46.76,🟢 綠燈 (低風險常態施工)
工況_CASE_0365,2996.8,0,78.75%,-5.0,1.5,46.76,🟢 綠燈 (低風險常態施工)
工況_CASE_0479,5020.7,0,73.6%,-5.0,1.5,46.76,🟢 綠燈 (低風險常態施工)
工況_CASE_0996,3680.8,0,76.63%,-5.0,1.5,46.75,🟢 綠燈 (低風險常態施工)
工況_CASE_0480,4256.6,0,75.2%,-5.0,1.5,46.75,🟢 綠燈 (低風險常態施工)
工況_CASE_0158,2959.2,0,78.81%,-5.0,1.5,46.75,🟢 綠燈 (低風險常態施工)
工況_CASE_0498,2613.9,0,79.96%,-5.0,1.5,46.73,🟢 綠燈 (低風險常態施工)
工況_CASE_0241,4462.2,0,74.62%,-5.0,1.5,46.73,🟢 綠燈 (低風險常態施工)
工況_CASE_1042,3370.8,0,77.43%,-5.0,1.5,46.73,🟢 綠燈 (低風險常態施工)
工況_CASE_0268,2423.1,0,80.66%,-5.0,1.5,46.72,🟢 綠燈 (低風險常態施工)
工況_CASE_0315,5405.8,0,72.58%,-5.0,1.5,46.71,🟢 綠燈 (低風險常態施工)
工況_CASE_0790,4598.5,0,74.0%,-5.0,1.5,46.67,🟢 綠燈 (低風險常態施工)
工況_CASE_0585,3708.1,0,76.16%,-5.0,1.5,46.67,🟢 綠燈 (低風險常態施工)
工況_CASE_0191,3815.2,0,75.84%,-5.0,1.5,46.66,🟢 綠燈 (低風險常態施工)
工況_CASE_0682,3071.2,0,78.01%,-5.0,1.5,46.66,🟢 綠燈 (低風險常態施工)
工況_CASE_0950,3483.8,0,76.72%,-5.0,1.5,46.66,🟢 綠燈 (低風險常態施工)
工況_CASE_1063,3351.0,0,77.11%,-5.0,1.5,46.66,🟢 綠燈 (低風險常態施工)
工況_CASE_0141,3320.6,0,77.16%,-5.0,1.5,46.65,🟢 綠燈 (低風險常態施工)
工況_CASE_0551,2716.6,0,79.19%,-5.0,1.5,46.65,🟢 綠燈 (低風險常態施工)
工況_CASE_0074,3147.9,0,77.59%,-5.0,1.5,46.63,🟢 綠燈 (低風險常態施工)
工況_CASE_0883,3432.5,0,76.7%,-5.0,1.5,46.62,🟢 綠燈 (低風險常態施工)
工況_CASE_0864,3343.0,0,76.84%,-5.0,1.5,46.6,🟢 綠燈 (低風險常態施工)
工況_CASE_0949,3304.7,0,76.9%,-5.0,1.5,46.59,🟢 綠燈 (低風險常態施工)
工況_CASE_0100,1010.1,1,73.66%,-5.0,1.5,46.57,🟢 綠燈 (低風險常態施工)
工況_CASE_1093,6429.2,0,69.91%,-5.0,1.5,46.52,🟢 綠燈 (低風險常態施工)
工況_CASE_1031,3127.0,0,76.82%,-5.0,1.5,46.46,🟢 綠燈 (低風險常態施工)
工況_CASE_0839,3883.4,0,74.66%,-5.0,1.5,46.46,🟢 綠燈 (低風險常態施工)
工況_CASE_0495,2042.2,0,81.07%,-5.0,1.5,46.46,🟢 綠燈 (低風險常態施工)
工況_CASE_1020,3182.7,0,76.58%,-5.0,1.5,46.45,🟢 綠燈 (低風險常態施工)
工況_CASE_1036,3801.3,0,74.61%,-5.0,1.5,46.41,🟢 綠燈 (低風險常態施工)
工況_CASE_0559,5281.8,0,71.31%,-5.0,1.5,46.41,🟢 綠燈 (低風險常態施工)
工況_CASE_0183,3706.9,0,74.75%,-5.0,1.5,46.39,🟢 綠燈 (低風險常態施工)
工況_CASE_1027,3322.8,0,75.72%,-5.0,1.5,46.36,🟢 綠燈 (低風險常態施工)
工況_CASE_1083,1961.3,1,66.0%,-5.0,1.5,46.36,🟢 綠燈 (低風險常態施工)
工況_CASE_0755,3898.9,0,74.05%,-5.0,1.5,46.35,🟢 綠燈 (低風險常態施工)
工況_CASE_0005,5483.9,0,70.59%,-5.0,1.5,46.34,🟢 綠燈 (低風險常態施工)
工況_CASE_0246,7777.2,0,66.86%,-5.0,1.5,46.29,🟢 綠燈 (低風險常態施工)
工況_CASE_0491,2266.2,0,79.03%,-5.0,1.5,46.26,🟢 綠燈 (低風險常態施工)
工況_CASE_0224,1735.6,0,81.56%,-5.0,1.5,46.23,🟢 綠燈 (低風險常態施工)
工況_CASE_0432,3258.9,0,75.24%,-5.0,1.5,46.23,🟢 綠燈 (低風險常態施工)
工況_CASE_0181,1787.1,0,81.17%,-5.0,1.5,46.21,🟢 綠燈 (低風險常態施工)
工況_CASE_0810,1947.5,0,80.32%,-5.0,1.5,46.21,🟢 綠燈 (低風險常態施工)
工況_CASE_0152,4374.0,0,72.16%,-5.0,1.5,46.2,🟢 綠燈 (低風險常態施工)
工況_CASE_0766,6558.0,0,68.11%,-5.0,1.5,46.2,🟢 綠燈 (低風險常態施工)
工況_CASE_1048,3594.5,0,74.13%,-5.0,1.5,46.2,🟢 綠燈 (低風險常態施工)
工況_CASE_0454,2798.4,0,76.6%,-5.0,1.5,46.19,🟢 綠燈 (低風險常態施工)
工況_CASE_0449,3885.0,0,73.31%,-5.0,1.5,46.19,🟢 綠燈 (低風險常態施工)
工況_CASE_0464,3932.2,0,73.12%,-5.0,1.5,46.18,🟢 綠燈 (低風險常態施工)
工況_CASE_0172,2131.8,0,79.2%,-5.0,1.5,46.17,🟢 綠燈 (低風險常態施工)
工況_CASE_1066,4874.7,0,70.9%,-5.0,1.5,46.16,🟢 綠燈 (低風險常態施工)
工況_CASE_0310,1860.1,0,80.53%,-5.0,1.5,46.16,🟢 綠燈 (低風險常態施工)
工況_CASE_0423,3722.1,0,73.54%,-5.0,1.5,46.15,🟢 綠燈 (低風險常態施工)
工況_CASE_0403,5157.3,0,70.17%,-5.0,1.5,46.13,🟢 綠燈 (低風險常態施工)
工況_CASE_0901,2829.7,0,76.03%,-5.0,1.5,46.1,🟢 綠燈 (低風險常態施工)
工況_CASE_0275,3777.0,0,73.12%,-5.0,1.5,46.1,🟢 綠燈 (低風險常態施工)
工況_CASE_0468,2858.8,0,75.71%,-5.0,1.5,46.06,🟢 綠燈 (低風險常態施工)
工況_CASE_0092,4111.0,0,71.81%,-5.0,1.5,46.01,🟢 綠燈 (低風險常態施工)
工況_CASE_0824,6380.5,0,67.37%,-5.0,1.5,46.0,🟢 綠燈 (低風險常態施工)
工況_CASE_0304,2987.8,0,74.9%,-5.0,1.5,45.99,🟢 綠燈 (低風險常態施工)
工況_CASE_0236,1994.5,0,78.85%,-5.0,1.5,45.97,🟢 綠燈 (低風險常態施工)
工況_CASE_0469,1327.6,0,82.7%,-5.0,1.5,45.92,🟢 綠燈 (低風險常態施工)
工況_CASE_0935,1246.9,0,83.26%,-5.0,1.5,45.91,🟢 綠燈 (低風險常態施工)
工況_CASE_0915,2244.8,0,77.33%,-5.0,1.5,45.9,🟢 綠燈 (低風險常態施工)
工況_CASE_0394,1888.2,0,78.79%,-5.0,1.5,45.85,🟢 綠燈 (低風險常態施工)
工況_CASE_0405,6996.0,0,65.68%,-5.0,1.5,45.84,🟢 綠燈 (低風險常態施工)
工況_CASE_0825,2825.5,0,74.73%,-5.0,1.5,45.84,🟢 綠燈 (低風險常態施工)
工況_CASE_1040,1893.7,0,78.65%,-5.0,1.5,45.82,🟢 綠燈 (低風險常態施工)
工況_CASE_0650,4559.6,0,69.82%,-5.0,1.5,45.81,🟢 綠燈 (低風險常態施工)
工況_CASE_1095,2256.7,0,76.61%,-5.0,1.5,45.77,🟢 綠燈 (低風險常態施工)
工況_CASE_0007,3184.0,0,73.1%,-5.0,1.5,45.75,🟢 綠燈 (低風險常態施工)
工況_CASE_0165,1593.2,0,79.88%,-5.0,1.5,45.72,🟢 綠燈 (低風險常態施工)
工況_CASE_0097,1961.3,0,77.74%,-5.0,1.5,45.71,🟢 綠燈 (低風險常態施工)
工況_CASE_0999,2593.6,0,74.95%,-5.0,1.5,45.71,🟢 綠燈 (低風險常態施工)
工況_CASE_0697,1041.4,0,83.9%,-5.0,1.5,45.68,🟢 綠燈 (低風險常態施工)
工況_CASE_1054,2823.4,0,73.76%,-5.0,1.5,45.64,🟢 綠燈 (低風險常態施工)
工況_CASE_1055,1721.0,0,78.19%,-5.0,1.5,45.54,🟢 綠燈 (低風險常態施工)
工況_CASE_0198,5559.5,0,66.45%,-5.0,1.5,45.54,🟢 綠燈 (低風險常態施工)
工況_CASE_0708,2103.9,0,75.94%,-5.0,1.5,45.49,🟢 綠燈 (低風險常態施工)
工況_CASE_0904,2708.9,0,73.34%,-5.0,1.5,45.48,🟢 綠燈 (低風險常態施工)
工況_CASE_0421,2807.4,0,72.96%,-5.0,1.5,45.47,🟢 綠燈 (低風險常態施工)
工況_CASE_0016,2981.8,0,72.24%,-5.0,1.5,45.45,🟢 綠燈 (低風險常態施工)
工況_CASE_0149,1811.1,0,77.16%,-5.0,1.5,45.44,🟢 綠燈 (低風險常態施工)
工況_CASE_0740,1333.3,0,80.02%,-5.0,1.5,45.4,🟢 綠燈 (低風險常態施工)
工況_CASE_0384,1734.1,0,77.29%,-5.0,1.5,45.38,🟢 綠燈 (低風險常態施工)
工況_CASE_0530,1201.6,0,80.55%,-5.0,1.5,45.29,🟢 綠燈 (低風險常態施工)
工況_CASE_0789,576.3,0,87.82%,-5.0,1.5,45.28,🟢 綠燈 (低風險常態施工)
工況_CASE_0729,1784.9,0,76.34%,-5.0,1.5,45.24,🟢 綠燈 (低風險常態施工)
工況_CASE_0558,2178.4,0,74.28%,-5.0,1.5,45.23,🟢 綠燈 (低風險常態施工)
工況_CASE_0538,2100.3,0,74.63%,-5.0,1.5,45.23,🟢 綠燈 (低風險常態施工)
工況_CASE_0620,1127.8,0,80.79%,-5.0,1.5,45.22,🟢 綠燈 (低風險常態施工)
工況_CASE_0936,2491.4,0,72.8%,-5.0,1.5,45.2,🟢 綠燈 (低風險常態施工)
工況_CASE_0041,1162.5,0,80.02%,-5.0,1.5,45.12,🟢 綠燈 (低風險常態施工)
工況_CASE_0827,1548.4,0,76.77%,-5.0,1.5,45.05,🟢 綠燈 (低風險常態施工)
工況_CASE_0519,2910.4,0,70.33%,-5.0,1.5,45.02,🟢 綠燈 (低風險常態施工)
工況_CASE_0695,1397.9,0,77.44%,-5.0,1.5,44.98,🟢 綠燈 (低風險常態施工)
工況_CASE_0632,1229.6,0,78.68%,-5.0,1.5,44.97,🟢 綠燈 (低風險常態施工)
工況_CASE_0493,3847.0,0,67.2%,-5.0,1.5,44.95,🟢 綠燈 (低風險常態施工)
工況_CASE_1071,1690.2,0,75.36%,-5.0,1.5,44.94,🟢 綠燈 (低風險常態施工)
工況_CASE_0482,1395.2,0,76.92%,-5.0,1.5,44.87,🟢 綠燈 (低風險常態施工)
工況_CASE_0427,2220.9,0,71.93%,-5.0,1.5,44.8,🟢 綠燈 (低風險常態施工)
工況_CASE_0678,1361.4,0,76.69%,-5.0,1.5,44.77,🟢 綠燈 (低風險常態施工)
工況_CASE_0902,710.4,0,82.82%,-5.0,1.5,44.7,🟢 綠燈 (低風險常態施工)
工況_CASE_0692,1920.7,0,72.73%,-5.0,1.5,44.67,🟢 綠燈 (低風險常態施工)
工況_CASE_0863,1307.6,0,75.51%,-5.0,1.5,44.46,🟢 綠燈 (低風險常態施工)
工況_CASE_1077,1184.4,0,75.86%,-5.0,1.5,44.33,🟢 綠燈 (低風險常態施工)
工況_CASE_0724,1719.5,0,71.99%,-5.0,1.5,44.3,🟢 綠燈 (低風險常態施工)
工況_CASE_0816,4278.2,0,62.8%,-5.0,1.5,44.28,🟢 綠燈 (低風險常態施工)
工況_CASE_0917,1828.0,0,70.76%,-5.0,1.5,44.17,🟢 綠燈 (低風險常態施工)
工況_CASE_0343,2104.0,0,69.16%,-5.0,1.5,44.14,🟢 綠燈 (低風險常態施工)
工況_CASE_0273,1318.3,0,73.76%,-5.0,1.5,44.12,🟢 綠燈 (低風險常態施工)
工況_CASE_0581,2855.7,0,65.55%,-5.0,1.5,44.02,🟢 綠燈 (低風險常態施工)
工況_CASE_0390,531.1,0,81.33%,-5.0,1.5,43.82,🟢 綠燈 (低風險常態施工)
工況_CASE_0609,756.3,0,77.12%,-5.0,1.5,43.68,🟢 綠燈 (低風險常態施工)
工況_CASE_0211,923.8,0,75.12%,-5.0,1.5,43.68,🟢 綠燈 (低風險常態施工)
工況_CASE_0774,453.0,0,75.48%,-5.0,1.5,42.33,🟢 綠燈 (低風險常態施工)
工況_CASE_0571,151.5,0,84.58%,-5.0,1.5,41.97,🟢 綠燈 (低風險常態施工)
工況_CASE_0192,0.0,2,83.58%,-5.0,1.5,37.72,🟢 綠燈 (低風險常態施工)
工況_CASE_0699,0.0,2,78.73%,-5.0,1.5,36.75,🟢 綠燈 (低風險常態施工)
工況_CASE_0819,0.0,1,81.15%,-5.0,1.5,34.23,🟢 綠燈 (低風險常態施工)
工況_CASE_0919,0.0,1,80.17%,-5.0,1.5,34.03,🟢 綠燈 (低風險常態施工)
工況_CASE_0027,0.0,0,84.27%,-5.0,1.5,31.85,🟢 綠燈 (低風險常態施工)
工況_CASE_0924,0.0,0,81.45%,-5.0,1.5,31.29,🟢 綠燈 (低風險常態施工)
工況_CASE_0735,0.0,0,81.08%,-5.0,1.5,31.22,🟢 綠燈 (低風險常態施工)
工況_CASE_0754,0.0,0,80.24%,-5.0,1.5,31.05,🟢 綠燈 (低風險常態施工)
工況_CASE_0322,0.0,0,75.81%,-5.0,1.5,30.16,🟢 綠燈 (低風險常態施工)
工況_CASE_0099,0.0,0,75.04%,-5.0,1.5,30.01,🟢 綠燈 (低風險常態施工)
